ESM_IndexOutOfBounds,ESM_NullPointer,ESM_ClassCast,ESM_Arithmetic,CC,CCL,CCO,CI,CLC,CLLC,LDC,LLDC,LCOM5,NL,NLE,WMC,CBO,CBOI,NII,NOI,RFC,AD,CD,CLOC,DLOC,PDA,PUA,TCD,TCLOC,DIT,NOA,NOC,NOD,NOP,LLOC,LOC,NA,NG,NLA,NLG,NLM,NLPA,NLPM,NLS,NM,NOS,NPA,NPM,NS,TLLOC,TLOC,TNA,TNG,TNLA,TNLG,TNLM,TNLPA,TNLPM,TNLS,TNM,TNOS,TNPA,TNPM,TNS,Number of Bugs
0,9,0,0,0.728814,1.0,2.0,1.0,0.320755,0.62963,17.0,17.0,5.0,0.0,0.0,5.0,3.0,5.0,1.0,0.0,5.0,0.5,0.794118,54.0,54.0,1.0,1.0,0.666667,54.0,1.0,1.0,4.0,4.0,1.0,14.0,40.0,0.0,0.0,0.0,0.0,5.0,0.0,1.0,0.0,5.0,1.0,0.0,1.0,0.0,27.0,53.0,0.0,0.0,0.0,0.0,6.0,0.0,2.0,0.0,6.0,8.0,0.0,2.0,0.0,0.0
0,9,0,0,0.753846,1.0,3.0,1.0,0.345455,0.655172,19.0,19.0,5.0,0.0,0.0,5.0,3.0,5.0,1.0,0.0,5.0,0.5,0.794118,54.0,54.0,1.0,1.0,0.650602,54.0,1.0,1.0,4.0,4.0,1.0,14.0,40.0,0.0,0.0,0.0,0.0,5.0,0.0,1.0,0.0,5.0,1.0,0.0,1.0,0.0,29.0,55.0,0.0,0.0,0.0,0.0,6.0,0.0,2.0,0.0,6.0,9.0,0.0,2.0,0.0,0.0
0,1,0,0,0.704918,1.0,2.0,1.0,0.327273,0.62069,18.0,18.0,5.0,0.0,0.0,5.0,3.0,4.0,1.0,0.0,5.0,0.833333,0.783784,58.0,58.0,5.0,1.0,0.666667,58.0,1.0,1.0,3.0,3.0,1.0,16.0,42.0,0.0,0.0,0.0,0.0,5.0,0.0,5.0,0.0,5.0,1.0,0.0,5.0,0.0,29.0,55.0,0.0,0.0,0.0,0.0,6.0,0.0,6.0,0.0,6.0,8.0,0.0,6.0,0.0,0.0
0,1,0,0,0.731343,1.0,3.0,1.0,0.350877,0.645161,20.0,20.0,5.0,0.0,0.0,5.0,3.0,5.0,1.0,0.0,5.0,0.833333,0.783784,58.0,58.0,5.0,1.0,0.651685,58.0,1.0,1.0,4.0,4.0,1.0,16.0,42.0,0.0,0.0,0.0,0.0,5.0,0.0,5.0,0.0,5.0,1.0,0.0,5.0,0.0,31.0,57.0,0.0,0.0,0.0,0.0,6.0,0.0,6.0,0.0,6.0,9.0,0.0,6.0,0.0,0.0
0,3,0,0,0.0,0.0,0.0,0.0,0.0,0.0,0.0,0.0,1.0,1.0,1.0,8.0,4.0,8.0,8.0,2.0,8.0,1.0,0.609195,53.0,53.0,6.0,0.0,0.582418,53.0,2.0,2.0,0.0,0.0,1.0,34.0,72.0,1.0,0.0,1.0,0.0,6.0,0.0,5.0,0.0,8.0,11.0,0.0,6.0,0.0,38.0,76.0,1.0,0.0,1.0,0.0,7.0,0.0,6.0,0.0,9.0,13.0,0.0,7.0,0.0,1.0
0,3,0,0,0.0,0.0,0.0,0.0,0.0,0.0,0.0,0.0,1.0,1.0,1.0,10.0,5.0,10.0,10.0,2.0,8.0,1.0,0.540816,53.0,53.0,6.0,0.0,0.519608,53.0,2.0,2.0,0.0,0.0,1.0,45.0,83.0,1.0,0.0,1.0,0.0,6.0,0.0,5.0,0.0,8.0,19.0,0.0,6.0,0.0,49.0,87.0,1.0,0.0,1.0,0.0,7.0,0.0,6.0,0.0,9.0,21.0,0.0,7.0,0.0,0.0
1,9,0,0,0.0,0.0,0.0,0.0,0.0,0.0,0.0,0.0,1.0,2.0,2.0,19.0,1.0,12.0,33.0,0.0,13.0,0.8,0.4,44.0,44.0,8.0,2.0,0.4,44.0,2.0,2.0,0.0,0.0,1.0,66.0,103.0,2.0,1.0,2.0,1.0,13.0,0.0,9.0,0.0,17.0,30.0,0.0,10.0,0.0,66.0,103.0,2.0,1.0,2.0,1.0,13.0,0.0,9.0,0.0,17.0,30.0,0.0,10.0,0.0,1.0
1,9,0,0,0.0,0.0,0.0,0.0,0.0,0.0,0.0,0.0,1.0,2.0,2.0,20.0,1.0,12.0,34.0,0.0,14.0,0.818182,0.410256,48.0,48.0,9.0,2.0,0.410256,48.0,2.0,2.0,0.0,0.0,1.0,69.0,111.0,2.0,1.0,2.0,1.0,14.0,0.0,10.0,0.0,18.0,31.0,0.0,11.0,0.0,69.0,111.0,2.0,1.0,2.0,1.0,14.0,0.0,10.0,0.0,18.0,31.0,0.0,11.0,0.0,0.0
0,1,0,0,0.0,0.0,0.0,0.0,0.0,0.0,0.0,0.0,1.0,2.0,2.0,20.0,1.0,12.0,34.0,0.0,14.0,0.818182,0.410256,48.0,48.0,9.0,2.0,0.410256,48.0,2.0,2.0,0.0,0.0,1.0,69.0,111.0,2.0,1.0,2.0,1.0,14.0,0.0,10.0,0.0,18.0,31.0,0.0,11.0,0.0,69.0,111.0,2.0,1.0,2.0,1.0,14.0,0.0,10.0,0.0,18.0,31.0,0.0,11.0,0.0,0.0
0,8,0,0,0.0,0.0,0.0,0.0,0.0,0.0,0.0,0.0,6.0,1.0,1.0,16.0,8.0,35.0,79.0,8.0,23.0,0.909091,0.726891,173.0,173.0,10.0,1.0,0.675781,173.0,1.0,1.0,0.0,0.0,1.0,65.0,159.0,2.0,0.0,2.0,0.0,15.0,0.0,10.0,0.0,15.0,23.0,0.0,10.0,0.0,83.0,179.0,3.0,0.0,3.0,0.0,17.0,0.0,12.0,0.0,17.0,30.0,0.0,12.0,0.0,1.0
0,8,0,0,0.0,0.0,0.0,0.0,0.0,0.0,0.0,0.0,4.0,1.0,1.0,9.0,6.0,13.0,28.0,3.0,11.0,0.857143,0.614458,51.0,51.0,6.0,1.0,0.459459,51.0,1.0,1.0,0.0,0.0,1.0,32.0,62.0,1.0,0.0,1.0,0.0,8.0,0.0,6.0,0.0,8.0,9.0,0.0,6.0,0.0,60.0,93.0,3.0,0.0,2.0,0.0,12.0,0.0,10.0,0.0,17.0,21.0,0.0,11.0,0.0,1.0
0,8,0,0,0.0,0.0,0.0,0.0,0.0,0.0,0.0,0.0,6.0,1.0,1.0,18.0,8.0,28.0,60.0,8.0,23.0,0.909091,0.716279,154.0,154.0,10.0,1.0,0.660944,154.0,1.0,1.0,0.0,0.0,1.0,61.0,145.0,2.0,0.0,2.0,0.0,15.0,0.0,10.0,0.0,15.0,20.0,0.0,10.0,0.0,79.0,165.0,3.0,0.0,3.0,0.0,17.0,0.0,12.0,0.0,17.0,27.0,0.0,12.0,0.0,0.0
0,8,0,0,0.0,0.0,0.0,0.0,0.0,0.0,0.0,0.0,6.0,1.0,1.0,16.0,8.0,35.0,79.0,8.0,23.0,0.909091,0.726891,173.0,173.0,10.0,1.0,0.675781,173.0,1.0,1.0,0.0,0.0,1.0,65.0,159.0,2.0,0.0,2.0,0.0,15.0,0.0,10.0,0.0,15.0,23.0,0.0,10.0,0.0,83.0,179.0,3.0,0.0,3.0,0.0,17.0,0.0,12.0,0.0,17.0,30.0,0.0,12.0,0.0,0.0
1,4,2,0,0.0,0.0,0.0,0.0,0.0,0.0,0.0,0.0,6.0,1.0,1.0,16.0,8.0,35.0,79.0,8.0,23.0,0.909091,0.726891,173.0,173.0,10.0,1.0,0.675781,173.0,1.0,1.0,0.0,0.0,1.0,65.0,159.0,2.0,0.0,2.0,0.0,15.0,0.0,10.0,0.0,15.0,23.0,0.0,10.0,0.0,83.0,179.0,3.0,0.0,3.0,0.0,17.0,0.0,12.0,0.0,17.0,30.0,0.0,12.0,0.0,0.0
0,12,0,0,0.0,0.0,0.0,0.0,0.0,0.0,0.0,0.0,6.0,1.0,1.0,16.0,8.0,35.0,79.0,8.0,23.0,0.909091,0.726891,173.0,173.0,10.0,1.0,0.675781,173.0,1.0,1.0,0.0,0.0,1.0,65.0,159.0,2.0,0.0,2.0,0.0,15.0,0.0,10.0,0.0,15.0,23.0,0.0,10.0,0.0,83.0,179.0,3.0,0.0,3.0,0.0,17.0,0.0,12.0,0.0,17.0,30.0,0.0,12.0,0.0,0.0
0,1,0,0,0.0,0.0,0.0,0.0,0.0,0.0,0.0,0.0,6.0,1.0,1.0,16.0,8.0,35.0,79.0,8.0,23.0,0.909091,0.726891,173.0,173.0,10.0,1.0,0.675781,173.0,1.0,1.0,0.0,0.0,1.0,65.0,159.0,2.0,0.0,2.0,0.0,15.0,0.0,10.0,0.0,15.0,23.0,0.0,10.0,0.0,83.0,179.0,3.0,0.0,3.0,0.0,17.0,0.0,12.0,0.0,17.0,30.0,0.0,12.0,0.0,0.0
0,10,1,0,0.0,0.0,0.0,0.0,0.0,0.0,0.0,0.0,2.0,1.0,1.0,5.0,3.0,17.0,10.0,1.0,5.0,1.0,0.652174,30.0,30.0,5.0,0.0,0.455882,31.0,0.0,0.0,6.0,6.0,0.0,16.0,42.0,1.0,0.0,1.0,0.0,4.0,1.0,4.0,0.0,4.0,5.0,1.0,4.0,0.0,37.0,67.0,1.0,0.0,1.0,0.0,8.0,1.0,8.0,0.0,12.0,14.0,1.0,12.0,0.0,1.0
0,10,1,0,0.0,0.0,0.0,0.0,0.0,0.0,0.0,0.0,3.0,1.0,1.0,6.0,3.0,21.0,14.0,1.0,6.0,1.0,0.618182,34.0,34.0,6.0,0.0,0.4,36.0,0.0,0.0,9.0,9.0,0.0,21.0,52.0,1.0,0.0,1.0,0.0,5.0,1.0,5.0,0.0,5.0,7.0,1.0,5.0,0.0,54.0,92.0,1.0,0.0,1.0,0.0,12.0,1.0,12.0,0.0,21.0,18.0,1.0,21.0,0.0,0.0
0,2,1,0,0.0,0.0,0.0,0.0,0.0,0.0,0.0,0.0,3.0,1.0,1.0,6.0,3.0,21.0,14.0,1.0,6.0,1.0,0.618182,34.0,34.0,6.0,0.0,0.4,36.0,0.0,0.0,9.0,9.0,0.0,21.0,52.0,1.0,0.0,1.0,0.0,5.0,1.0,5.0,0.0,5.0,7.0,1.0,5.0,0.0,54.0,92.0,1.0,0.0,1.0,0.0,12.0,1.0,12.0,0.0,21.0,18.0,1.0,21.0,0.0,0.0
0,0,0,0,0.0,0.0,0.0,0.0,0.0,0.0,0.0,0.0,3.0,1.0,1.0,6.0,3.0,21.0,14.0,1.0,6.0,1.0,0.618182,34.0,34.0,6.0,0.0,0.4,36.0,0.0,0.0,9.0,9.0,0.0,21.0,52.0,1.0,0.0,1.0,0.0,5.0,1.0,5.0,0.0,5.0,7.0,1.0,5.0,0.0,54.0,92.0,1.0,0.0,1.0,0.0,12.0,1.0,12.0,0.0,21.0,18.0,1.0,21.0,0.0,0.0
0,8,0,0,0.0,0.0,0.0,0.0,0.0,0.0,0.0,0.0,3.0,1.0,1.0,6.0,3.0,21.0,14.0,1.0,6.0,1.0,0.618182,34.0,34.0,6.0,0.0,0.4,36.0,0.0,0.0,9.0,9.0,0.0,21.0,52.0,1.0,0.0,1.0,0.0,5.0,1.0,5.0,0.0,5.0,7.0,1.0,5.0,0.0,54.0,92.0,1.0,0.0,1.0,0.0,12.0,1.0,12.0,0.0,21.0,18.0,1.0,21.0,0.0,0.0
2,23,0,0,0.0,0.0,0.0,0.0,0.0,0.0,0.0,0.0,8.0,1.0,1.0,12.0,6.0,24.0,23.0,1.0,12.0,1.0,0.53,53.0,53.0,12.0,0.0,0.377622,54.0,0.0,0.0,0.0,0.0,0.0,47.0,105.0,2.0,0.0,2.0,0.0,11.0,0.0,11.0,0.0,11.0,13.0,0.0,11.0,0.0,89.0,148.0,2.0,0.0,2.0,0.0,20.0,0.0,11.0,0.0,27.0,27.0,0.0,11.0,0.0,1.0
2,23,0,0,0.0,0.0,0.0,0.0,0.0,0.0,0.0,0.0,7.0,1.0,1.0,14.0,6.0,25.0,25.0,1.0,13.0,1.0,0.504762,53.0,53.0,12.0,0.0,0.329193,53.0,0.0,0.0,0.0,0.0,0.0,52.0,111.0,2.0,0.0,2.0,0.0,12.0,0.0,11.0,0.0,12.0,15.0,0.0,11.0,0.0,108.0,171.0,3.0,0.0,3.0,0.0,23.0,0.0,11.0,0.0,44.0,36.0,0.0,11.0,0.0,0.0
0,0,0,0,0.0,0.0,0.0,0.0,0.0,0.0,0.0,0.0,7.0,1.0,1.0,14.0,6.0,25.0,25.0,1.0,13.0,1.0,0.504762,53.0,53.0,12.0,0.0,0.329193,53.0,0.0,0.0,0.0,0.0,0.0,52.0,111.0,2.0,0.0,2.0,0.0,12.0,0.0,11.0,0.0,12.0,15.0,0.0,11.0,0.0,108.0,171.0,3.0,0.0,3.0,0.0,23.0,0.0,11.0,0.0,44.0,36.0,0.0,11.0,0.0,0.0
0,10,1,0,0.0,0.0,0.0,0.0,0.0,0.0,0.0,0.0,7.0,1.0,1.0,14.0,6.0,25.0,25.0,1.0,13.0,1.0,0.504762,53.0,53.0,12.0,0.0,0.329193,53.0,0.0,0.0,0.0,0.0,0.0,52.0,111.0,2.0,0.0,2.0,0.0,12.0,0.0,11.0,0.0,12.0,15.0,0.0,11.0,0.0,108.0,171.0,3.0,0.0,3.0,0.0,23.0,0.0,11.0,0.0,44.0,36.0,0.0,11.0,0.0,0.0
0,6,0,0,0.0,0.0,0.0,0.0,0.0,0.0,0.0,0.0,4.0,1.0,1.0,12.0,11.0,33.0,73.0,11.0,22.0,1.0,0.711268,101.0,101.0,12.0,0.0,0.691781,101.0,0.0,0.0,5.0,5.0,0.0,41.0,139.0,0.0,1.0,0.0,1.0,11.0,0.0,11.0,0.0,11.0,15.0,0.0,11.0,0.0,45.0,143.0,0.0,2.0,0.0,2.0,12.0,0.0,12.0,0.0,22.0,16.0,0.0,22.0,0.0,1.0
0,6,0,0,0.0,0.0,0.0,0.0,0.0,0.0,0.0,0.0,4.0,1.0,1.0,12.0,11.0,33.0,73.0,11.0,22.0,1.0,0.711268,101.0,101.0,12.0,0.0,0.691781,101.0,0.0,0.0,5.0,5.0,0.0,41.0,139.0,0.0,1.0,0.0,1.0,11.0,0.0,11.0,0.0,11.0,15.0,0.0,11.0,0.0,45.0,143.0,0.0,2.0,0.0,2.0,12.0,0.0,12.0,0.0,22.0,16.0,0.0,22.0,0.0,0.0
0,0,0,0,0.0,0.0,0.0,0.0,0.0,0.0,0.0,0.0,4.0,1.0,1.0,12.0,11.0,33.0,73.0,11.0,22.0,1.0,0.711268,101.0,101.0,12.0,0.0,0.691781,101.0,0.0,0.0,5.0,5.0,0.0,41.0,139.0,0.0,1.0,0.0,1.0,11.0,0.0,11.0,0.0,11.0,15.0,0.0,11.0,0.0,45.0,143.0,0.0,2.0,0.0,2.0,12.0,0.0,12.0,0.0,22.0,16.0,0.0,22.0,0.0,0.0
0,1,0,0,0.0,0.0,0.0,0.0,0.0,0.0,0.0,0.0,1.0,0.0,0.0,3.0,4.0,7.0,5.0,2.0,5.0,1.0,0.566667,17.0,17.0,3.0,0.0,0.5,17.0,0.0,0.0,1.0,1.0,0.0,13.0,25.0,0.0,2.0,0.0,2.0,3.0,0.0,2.0,0.0,3.0,3.0,0.0,2.0,0.0,17.0,29.0,1.0,2.0,0.0,2.0,4.0,0.0,3.0,0.0,10.0,4.0,0.0,6.0,0.0,1.0
0,1,0,0,0.0,0.0,0.0,0.0,0.0,0.0,0.0,0.0,1.0,0.0,0.0,3.0,4.0,7.0,5.0,1.0,4.0,1.0,0.548387,17.0,17.0,3.0,0.0,0.5,22.0,0.0,0.0,1.0,1.0,0.0,14.0,26.0,0.0,2.0,0.0,2.0,3.0,0.0,2.0,0.0,3.0,3.0,0.0,2.0,0.0,22.0,39.0,7.0,10.0,0.0,3.0,5.0,0.0,3.0,0.0,50.0,5.0,0.0,16.0,1.0,0.0
0,29,0,0,0.0,0.0,0.0,0.0,0.0,0.0,0.0,0.0,1.0,0.0,0.0,3.0,4.0,7.0,5.0,1.0,4.0,1.0,0.548387,17.0,17.0,3.0,0.0,0.5,22.0,0.0,0.0,1.0,1.0,0.0,14.0,26.0,0.0,2.0,0.0,2.0,3.0,0.0,2.0,0.0,3.0,3.0,0.0,2.0,0.0,22.0,39.0,7.0,10.0,0.0,3.0,5.0,0.0,3.0,0.0,50.0,5.0,0.0,16.0,1.0,0.0
0,0,0,0,0.0,0.0,0.0,0.0,0.0,0.0,0.0,0.0,1.0,0.0,0.0,3.0,4.0,7.0,5.0,1.0,4.0,1.0,0.548387,17.0,17.0,3.0,0.0,0.5,22.0,0.0,0.0,1.0,1.0,0.0,14.0,26.0,0.0,2.0,0.0,2.0,3.0,0.0,2.0,0.0,3.0,3.0,0.0,2.0,0.0,22.0,39.0,7.0,10.0,0.0,3.0,5.0,0.0,3.0,0.0,50.0,5.0,0.0,16.0,1.0,0.0
0,22,1,0,0.0,0.0,0.0,0.0,0.0,0.0,0.0,0.0,2.0,2.0,2.0,33.0,0.0,102.0,86.0,0.0,23.0,0.857143,0.478049,98.0,98.0,18.0,3.0,0.478049,98.0,0.0,0.0,0.0,0.0,0.0,107.0,215.0,6.0,7.0,6.0,7.0,23.0,2.0,20.0,0.0,23.0,46.0,2.0,20.0,0.0,107.0,215.0,6.0,7.0,6.0,7.0,23.0,2.0,20.0,0.0,23.0,46.0,2.0,20.0,0.0,0.0
0,22,1,0,0.0,0.0,0.0,0.0,0.0,0.0,0.0,0.0,2.0,2.0,2.0,32.0,0.0,113.0,87.0,0.0,22.0,0.857143,0.487562,98.0,98.0,18.0,3.0,0.487562,98.0,0.0,0.0,0.0,0.0,0.0,103.0,210.0,7.0,7.0,7.0,7.0,22.0,2.0,20.0,0.0,22.0,42.0,2.0,20.0,0.0,103.0,210.0,7.0,7.0,7.0,7.0,22.0,2.0,20.0,0.0,22.0,42.0,2.0,20.0,0.0,0.0
0,0,0,0,0.0,0.0,0.0,0.0,0.0,0.0,0.0,0.0,2.0,2.0,2.0,32.0,0.0,113.0,87.0,0.0,22.0,0.857143,0.487562,98.0,98.0,18.0,3.0,0.487562,98.0,0.0,0.0,0.0,0.0,0.0,103.0,210.0,7.0,7.0,7.0,7.0,22.0,2.0,20.0,0.0,22.0,42.0,2.0,20.0,0.0,103.0,210.0,7.0,7.0,7.0,7.0,22.0,2.0,20.0,0.0,22.0,42.0,2.0,20.0,0.0,0.0
3,31,0,0,0.0,0.0,0.0,0.0,0.0,0.0,0.0,0.0,1.0,3.0,3.0,28.0,6.0,14.0,35.0,6.0,18.0,0.888889,0.245902,30.0,30.0,8.0,1.0,0.245902,30.0,0.0,0.0,0.0,0.0,0.0,92.0,135.0,3.0,9.0,3.0,9.0,12.0,0.0,8.0,0.0,12.0,46.0,0.0,8.0,0.0,92.0,135.0,3.0,9.0,3.0,9.0,12.0,0.0,8.0,0.0,12.0,46.0,0.0,8.0,0.0,1.0
3,31,0,0,0.0,0.0,0.0,0.0,0.0,0.0,0.0,0.0,1.0,3.0,3.0,30.0,6.0,14.0,36.0,7.0,20.0,0.8,0.230769,30.0,30.0,8.0,2.0,0.230769,30.0,0.0,0.0,0.0,0.0,0.0,100.0,144.0,3.0,9.0,3.0,9.0,13.0,0.0,9.0,0.0,13.0,51.0,0.0,9.0,0.0,100.0,144.0,3.0,9.0,3.0,9.0,13.0,0.0,9.0,0.0,13.0,51.0,0.0,9.0,0.0,2.0
3,31,0,0,0.0,0.0,0.0,0.0,0.0,0.0,0.0,0.0,1.0,3.0,3.0,28.0,6.0,16.0,40.0,6.0,18.0,0.888889,0.245902,30.0,30.0,8.0,1.0,0.245902,30.0,0.0,0.0,0.0,0.0,0.0,92.0,135.0,3.0,9.0,3.0,9.0,12.0,0.0,8.0,0.0,12.0,46.0,0.0,8.0,0.0,92.0,135.0,3.0,9.0,3.0,9.0,12.0,0.0,8.0,0.0,12.0,46.0,0.0,8.0,0.0,1.0
3,31,0,0,0.0,0.0,0.0,0.0,0.0,0.0,0.0,0.0,1.0,3.0,3.0,30.0,6.0,16.0,44.0,6.0,19.0,0.8,0.24,30.0,30.0,8.0,2.0,0.24,30.0,0.0,0.0,0.0,0.0,0.0,95.0,139.0,3.0,9.0,3.0,9.0,13.0,0.0,9.0,0.0,13.0,47.0,0.0,9.0,0.0,95.0,139.0,3.0,9.0,3.0,9.0,13.0,0.0,9.0,0.0,13.0,47.0,0.0,9.0,0.0,0.0
1,6,0,0,0.0,0.0,0.0,0.0,0.0,0.0,0.0,0.0,1.0,3.0,3.0,28.0,6.0,16.0,40.0,6.0,18.0,0.888889,0.245902,30.0,30.0,8.0,1.0,0.245902,30.0,0.0,0.0,0.0,0.0,0.0,92.0,135.0,3.0,9.0,3.0,9.0,12.0,0.0,8.0,0.0,12.0,46.0,0.0,8.0,0.0,92.0,135.0,3.0,9.0,3.0,9.0,12.0,0.0,8.0,0.0,12.0,46.0,0.0,8.0,0.0,1.0
0,10,0,0,0.0,0.0,0.0,0.0,0.0,0.0,0.0,0.0,1.0,3.0,3.0,28.0,6.0,16.0,40.0,6.0,18.0,0.888889,0.245902,30.0,30.0,8.0,1.0,0.245902,30.0,0.0,0.0,0.0,0.0,0.0,92.0,135.0,3.0,9.0,3.0,9.0,12.0,0.0,8.0,0.0,12.0,46.0,0.0,8.0,0.0,92.0,135.0,3.0,9.0,3.0,9.0,12.0,0.0,8.0,0.0,12.0,46.0,0.0,8.0,0.0,1.0
0,0,0,0,0.0,0.0,0.0,0.0,0.0,0.0,0.0,0.0,1.0,3.0,3.0,28.0,6.0,16.0,40.0,6.0,18.0,0.888889,0.245902,30.0,30.0,8.0,1.0,0.245902,30.0,0.0,0.0,0.0,0.0,0.0,92.0,135.0,3.0,9.0,3.0,9.0,12.0,0.0,8.0,0.0,12.0,46.0,0.0,8.0,0.0,92.0,135.0,3.0,9.0,3.0,9.0,12.0,0.0,8.0,0.0,12.0,46.0,0.0,8.0,0.0,1.0
2,46,2,0,0.0,0.0,0.0,0.0,0.0,0.0,0.0,0.0,1.0,3.0,3.0,28.0,6.0,16.0,40.0,6.0,18.0,0.888889,0.245902,30.0,30.0,8.0,1.0,0.245902,30.0,0.0,0.0,0.0,0.0,0.0,92.0,135.0,3.0,9.0,3.0,9.0,12.0,0.0,8.0,0.0,12.0,46.0,0.0,8.0,0.0,92.0,135.0,3.0,9.0,3.0,9.0,12.0,0.0,8.0,0.0,12.0,46.0,0.0,8.0,0.0,1.0
0,1,0,0,0.0,0.0,0.0,0.0,0.0,0.0,0.0,0.0,1.0,3.0,3.0,28.0,6.0,16.0,40.0,6.0,18.0,0.888889,0.245902,30.0,30.0,8.0,1.0,0.245902,30.0,0.0,0.0,0.0,0.0,0.0,92.0,135.0,3.0,9.0,3.0,9.0,12.0,0.0,8.0,0.0,12.0,46.0,0.0,8.0,0.0,92.0,135.0,3.0,9.0,3.0,9.0,12.0,0.0,8.0,0.0,12.0,46.0,0.0,8.0,0.0,1.0
1,12,0,0,0.0,0.0,0.0,0.0,0.0,0.0,0.0,0.0,1.0,1.0,1.0,7.0,2.0,9.0,12.0,2.0,6.0,0.4,0.472727,26.0,19.0,2.0,3.0,0.472727,26.0,0.0,0.0,1.0,1.0,0.0,29.0,56.0,2.0,2.0,2.0,2.0,4.0,0.0,4.0,0.0,4.0,11.0,0.0,4.0,0.0,29.0,56.0,2.0,2.0,2.0,2.0,4.0,0.0,4.0,0.0,4.0,11.0,0.0,4.0,0.0,1.0
1,12,0,0,0.0,0.0,0.0,0.0,0.0,0.0,0.0,0.0,2.0,1.0,1.0,13.0,2.0,9.0,12.0,2.0,9.0,0.25,0.356164,26.0,19.0,2.0,6.0,0.356164,26.0,0.0,0.0,1.0,1.0,0.0,47.0,77.0,2.0,2.0,2.0,2.0,7.0,0.0,7.0,0.0,7.0,17.0,0.0,7.0,0.0,47.0,77.0,2.0,2.0,2.0,2.0,7.0,0.0,7.0,0.0,7.0,17.0,0.0,7.0,0.0,0.0
0,7,3,0,0.0,0.0,0.0,0.0,0.0,0.0,0.0,0.0,2.0,1.0,1.0,13.0,2.0,9.0,12.0,2.0,9.0,0.25,0.356164,26.0,19.0,2.0,6.0,0.356164,26.0,0.0,0.0,1.0,1.0,0.0,47.0,77.0,2.0,2.0,2.0,2.0,7.0,0.0,7.0,0.0,7.0,17.0,0.0,7.0,0.0,47.0,77.0,2.0,2.0,2.0,2.0,7.0,0.0,7.0,0.0,7.0,17.0,0.0,7.0,0.0,0.0
0,8,1,0,0.0,0.0,0.0,0.0,0.0,0.0,0.0,0.0,3.0,1.0,1.0,12.0,8.0,60.0,8.0,7.0,17.0,1.0,0.494382,44.0,44.0,4.0,0.0,0.5,51.0,3.0,5.0,6.0,7.0,1.0,45.0,95.0,6.0,7.0,1.0,2.0,10.0,0.0,3.0,0.0,39.0,16.0,0.0,10.0,1.0,51.0,104.0,6.0,7.0,1.0,2.0,11.0,0.0,3.0,0.0,40.0,16.0,0.0,10.0,1.0,1.0
0,8,1,0,0.0,0.0,0.0,0.0,0.0,0.0,0.0,0.0,3.0,1.0,1.0,12.0,8.0,63.0,8.0,7.0,17.0,1.0,0.494382,44.0,44.0,4.0,0.0,0.5,51.0,3.0,5.0,6.0,7.0,1.0,45.0,95.0,6.0,7.0,1.0,2.0,10.0,0.0,3.0,0.0,39.0,16.0,0.0,10.0,1.0,51.0,104.0,6.0,7.0,1.0,2.0,11.0,0.0,3.0,0.0,40.0,16.0,0.0,10.0,1.0,0.0
0,0,0,0,0.0,0.0,0.0,0.0,0.0,0.0,0.0,0.0,3.0,1.0,1.0,12.0,8.0,63.0,8.0,7.0,17.0,1.0,0.494382,44.0,44.0,4.0,0.0,0.5,51.0,3.0,5.0,6.0,7.0,1.0,45.0,95.0,6.0,7.0,1.0,2.0,10.0,0.0,3.0,0.0,39.0,16.0,0.0,10.0,1.0,51.0,104.0,6.0,7.0,1.0,2.0,11.0,0.0,3.0,0.0,40.0,16.0,0.0,10.0,1.0,0.0
0,40,0,0,0.0,0.0,0.0,0.0,0.0,0.0,0.0,0.0,2.0,3.0,3.0,55.0,25.0,15.0,39.0,28.0,59.0,0.714286,0.409742,143.0,143.0,5.0,2.0,0.394521,144.0,2.0,4.0,2.0,17.0,3.0,206.0,377.0,5.0,6.0,5.0,6.0,31.0,0.0,6.0,1.0,32.0,93.0,0.0,7.0,1.0,221.0,394.0,5.0,6.0,5.0,6.0,36.0,0.0,11.0,1.0,37.0,97.0,0.0,12.0,1.0,1.0
0,40,0,0,0.0,0.0,0.0,0.0,0.0,0.0,0.0,0.0,2.0,3.0,3.0,49.0,24.0,15.0,33.0,26.0,55.0,0.714286,0.425676,126.0,126.0,5.0,2.0,0.407051,127.0,2.0,4.0,2.0,14.0,3.0,170.0,326.0,5.0,6.0,5.0,6.0,29.0,0.0,6.0,1.0,30.0,77.0,0.0,7.0,1.0,185.0,343.0,5.0,6.0,5.0,6.0,34.0,0.0,11.0,1.0,35.0,81.0,0.0,12.0,1.0,0.0
0,40,0,0,0.0,0.0,0.0,0.0,0.0,0.0,0.0,0.0,2.0,3.0,3.0,50.0,24.0,15.0,33.0,25.0,54.0,0.714286,0.434932,127.0,126.0,5.0,2.0,0.415584,128.0,2.0,4.0,2.0,14.0,3.0,165.0,321.0,4.0,6.0,4.0,6.0,29.0,0.0,6.0,1.0,30.0,75.0,0.0,7.0,1.0,180.0,338.0,4.0,6.0,4.0,6.0,34.0,0.0,11.0,1.0,35.0,79.0,0.0,12.0,1.0,1.0
0,40,0,0,0.0,0.0,0.0,0.0,0.0,0.0,0.0,0.0,2.0,3.0,3.0,48.0,24.0,15.0,33.0,25.0,53.0,0.714286,0.43299,126.0,126.0,5.0,2.0,0.413681,127.0,2.0,4.0,2.0,17.0,3.0,165.0,318.0,4.0,6.0,4.0,6.0,28.0,0.0,6.0,1.0,29.0,75.0,0.0,7.0,1.0,180.0,335.0,4.0,6.0,4.0,6.0,33.0,0.0,11.0,1.0,34.0,79.0,0.0,12.0,1.0,1.0
0,40,0,0,0.0,0.0,0.0,0.0,0.0,0.0,0.0,0.0,2.0,3.0,3.0,50.0,24.0,15.0,33.0,25.0,54.0,0.714286,0.43299,126.0,125.0,5.0,2.0,0.413681,127.0,2.0,4.0,2.0,14.0,3.0,165.0,320.0,4.0,6.0,4.0,6.0,29.0,0.0,6.0,1.0,30.0,75.0,0.0,7.0,1.0,180.0,337.0,4.0,6.0,4.0,6.0,34.0,0.0,11.0,1.0,35.0,79.0,0.0,12.0,1.0,1.0
0,40,0,0,0.0,0.0,0.0,0.0,0.0,0.0,0.0,0.0,2.0,3.0,3.0,49.0,24.0,15.0,33.0,26.0,55.0,0.714286,0.425676,126.0,126.0,5.0,2.0,0.407051,127.0,2.0,4.0,2.0,15.0,3.0,170.0,326.0,5.0,6.0,5.0,6.0,29.0,0.0,6.0,1.0,30.0,77.0,0.0,7.0,1.0,185.0,343.0,5.0,6.0,5.0,6.0,34.0,0.0,11.0,1.0,35.0,81.0,0.0,12.0,1.0,0.0
0,40,0,0,0.0,0.0,0.0,0.0,0.0,0.0,0.0,0.0,2.0,3.0,3.0,45.0,24.0,15.0,33.0,25.0,52.0,0.714286,0.442446,123.0,123.0,5.0,2.0,0.421769,124.0,2.0,4.0,2.0,17.0,3.0,155.0,304.0,4.0,5.0,4.0,5.0,27.0,0.0,6.0,1.0,28.0,70.0,0.0,7.0,1.0,170.0,321.0,4.0,5.0,4.0,5.0,32.0,0.0,11.0,1.0,33.0,74.0,0.0,12.0,1.0,0.0
0,40,0,0,0.0,0.0,0.0,0.0,0.0,0.0,0.0,0.0,2.0,3.0,3.0,55.0,25.0,15.0,40.0,27.0,58.0,0.714286,0.409742,143.0,143.0,5.0,2.0,0.394521,144.0,2.0,4.0,2.0,17.0,3.0,206.0,377.0,5.0,6.0,5.0,6.0,31.0,0.0,6.0,1.0,32.0,93.0,0.0,7.0,1.0,221.0,394.0,5.0,6.0,5.0,6.0,36.0,0.0,11.0,1.0,37.0,97.0,0.0,12.0,1.0,0.0
0,40,0,0,0.0,0.0,0.0,0.0,0.0,0.0,0.0,0.0,2.0,3.0,3.0,48.0,24.0,15.0,33.0,26.0,55.0,0.714286,0.436426,127.0,126.0,5.0,2.0,0.416938,128.0,2.0,4.0,2.0,14.0,3.0,164.0,320.0,4.0,6.0,4.0,6.0,29.0,0.0,6.0,1.0,30.0,74.0,0.0,7.0,1.0,179.0,337.0,4.0,6.0,4.0,6.0,34.0,0.0,11.0,1.0,35.0,78.0,0.0,12.0,1.0,0.0
0,0,0,0,0.0,0.0,0.0,0.0,0.0,0.0,0.0,0.0,2.0,3.0,3.0,48.0,24.0,15.0,33.0,26.0,55.0,0.714286,0.436426,127.0,126.0,5.0,2.0,0.416938,128.0,2.0,4.0,2.0,14.0,3.0,164.0,320.0,4.0,6.0,4.0,6.0,29.0,0.0,6.0,1.0,30.0,74.0,0.0,7.0,1.0,179.0,337.0,4.0,6.0,4.0,6.0,34.0,0.0,11.0,1.0,35.0,78.0,0.0,12.0,1.0,0.0
5,51,1,0,0.0,0.0,0.0,0.0,0.0,0.0,0.0,0.0,0.0,2.0,2.0,8.0,7.0,16.0,3.0,8.0,12.0,1.0,0.578947,44.0,44.0,2.0,0.0,0.366412,48.0,4.0,6.0,1.0,1.0,1.0,32.0,47.0,6.0,10.0,1.0,3.0,4.0,0.0,1.0,0.0,40.0,14.0,0.0,11.0,1.0,83.0,107.0,8.0,22.0,3.0,5.0,12.0,0.0,2.0,0.0,106.0,26.0,0.0,20.0,2.0,1.0
5,51,1,0,0.0,0.0,0.0,0.0,0.0,0.0,0.0,0.0,1.0,2.0,2.0,12.0,8.0,16.0,2.0,10.0,16.0,1.0,0.443299,43.0,43.0,2.0,0.0,0.333333,47.0,4.0,6.0,1.0,1.0,1.0,54.0,70.0,6.0,10.0,1.0,3.0,6.0,0.0,1.0,0.0,42.0,24.0,0.0,11.0,1.0,94.0,118.0,8.0,22.0,3.0,5.0,13.0,0.0,2.0,0.0,107.0,33.0,0.0,20.0,2.0,0.0
1,43,0,0,0.0,0.0,0.0,0.0,0.0,0.0,0.0,0.0,1.0,2.0,2.0,52.0,24.0,13.0,19.0,27.0,59.0,1.0,0.440729,145.0,145.0,2.0,0.0,0.435435,145.0,3.0,5.0,5.0,6.0,1.0,184.0,349.0,4.0,10.0,0.0,5.0,32.0,0.0,1.0,0.0,58.0,78.0,0.0,8.0,1.0,188.0,353.0,4.0,10.0,0.0,5.0,33.0,0.0,1.0,0.0,60.0,79.0,0.0,9.0,1.0,1.0
1,43,0,0,0.0,0.0,0.0,0.0,0.0,0.0,0.0,0.0,1.0,2.0,2.0,46.0,24.0,15.0,23.0,26.0,56.0,1.0,0.484848,160.0,160.0,2.0,0.0,0.479042,160.0,3.0,5.0,7.0,8.0,1.0,170.0,347.0,4.0,10.0,0.0,5.0,30.0,0.0,1.0,0.0,56.0,71.0,0.0,8.0,1.0,174.0,351.0,4.0,10.0,0.0,5.0,31.0,0.0,1.0,0.0,58.0,72.0,0.0,9.0,1.0,1.0
1,43,0,0,0.0,0.0,0.0,0.0,0.0,0.0,0.0,0.0,1.0,2.0,2.0,57.0,26.0,19.0,32.0,33.0,68.0,1.0,0.43299,168.0,168.0,2.0,0.0,0.428571,168.0,3.0,5.0,11.0,12.0,1.0,220.0,413.0,7.0,10.0,2.0,5.0,35.0,0.0,1.0,0.0,65.0,97.0,0.0,8.0,1.0,224.0,417.0,7.0,10.0,2.0,5.0,36.0,0.0,1.0,0.0,67.0,98.0,0.0,9.0,1.0,0.0
1,43,0,0,0.0,0.0,0.0,0.0,0.0,0.0,0.0,0.0,1.0,2.0,2.0,49.0,24.0,16.0,24.0,28.0,59.0,1.0,0.471976,160.0,160.0,2.0,0.0,0.466472,160.0,3.0,5.0,7.0,8.0,1.0,179.0,357.0,4.0,10.0,0.0,5.0,31.0,0.0,1.0,0.0,57.0,75.0,0.0,8.0,1.0,183.0,361.0,4.0,10.0,0.0,5.0,32.0,0.0,1.0,0.0,59.0,76.0,0.0,9.0,1.0,0.0
1,43,0,0,0.0,0.0,0.0,0.0,0.0,0.0,0.0,0.0,1.0,2.0,2.0,56.0,26.0,20.0,33.0,33.0,68.0,1.0,0.438642,168.0,168.0,2.0,0.0,0.429668,168.0,3.0,5.0,11.0,12.0,1.0,215.0,408.0,7.0,10.0,2.0,5.0,35.0,0.0,1.0,0.0,65.0,94.0,0.0,8.0,1.0,223.0,416.0,7.0,10.0,2.0,5.0,37.0,0.0,2.0,0.0,68.0,96.0,0.0,10.0,1.0,0.0
1,43,0,0,0.0,0.0,0.0,0.0,0.0,0.0,0.0,0.0,1.0,2.0,2.0,53.0,24.0,15.0,23.0,27.0,60.0,1.0,0.45977,160.0,160.0,2.0,0.0,0.454545,160.0,3.0,5.0,7.0,8.0,1.0,188.0,369.0,4.0,10.0,0.0,5.0,33.0,0.0,1.0,0.0,59.0,79.0,0.0,8.0,1.0,192.0,373.0,4.0,10.0,0.0,5.0,34.0,0.0,1.0,0.0,61.0,80.0,0.0,9.0,1.0,1.0
0,6,1,0,0.0,0.0,0.0,0.0,0.0,0.0,0.0,0.0,1.0,2.0,2.0,53.0,24.0,15.0,23.0,27.0,60.0,1.0,0.45977,160.0,160.0,2.0,0.0,0.454545,160.0,3.0,5.0,7.0,8.0,1.0,188.0,369.0,4.0,10.0,0.0,5.0,33.0,0.0,1.0,0.0,59.0,79.0,0.0,8.0,1.0,192.0,373.0,4.0,10.0,0.0,5.0,34.0,0.0,1.0,0.0,61.0,80.0,0.0,9.0,1.0,1.0
0,1,0,0,0.0,0.0,0.0,0.0,0.0,0.0,0.0,0.0,1.0,2.0,2.0,53.0,24.0,15.0,23.0,27.0,60.0,1.0,0.45977,160.0,160.0,2.0,0.0,0.454545,160.0,3.0,5.0,7.0,8.0,1.0,188.0,369.0,4.0,10.0,0.0,5.0,33.0,0.0,1.0,0.0,59.0,79.0,0.0,8.0,1.0,192.0,373.0,4.0,10.0,0.0,5.0,34.0,0.0,1.0,0.0,61.0,80.0,0.0,9.0,1.0,1.0
0,0,0,0,0.0,0.0,0.0,0.0,0.0,0.0,0.0,0.0,1.0,2.0,2.0,53.0,24.0,15.0,23.0,27.0,60.0,1.0,0.45977,160.0,160.0,2.0,0.0,0.454545,160.0,3.0,5.0,7.0,8.0,1.0,188.0,369.0,4.0,10.0,0.0,5.0,33.0,0.0,1.0,0.0,59.0,79.0,0.0,8.0,1.0,192.0,373.0,4.0,10.0,0.0,5.0,34.0,0.0,1.0,0.0,61.0,80.0,0.0,9.0,1.0,1.0
0,12,0,0,0.0,0.0,0.0,0.0,0.0,0.0,0.0,0.0,1.0,2.0,2.0,53.0,24.0,15.0,23.0,27.0,60.0,1.0,0.45977,160.0,160.0,2.0,0.0,0.454545,160.0,3.0,5.0,7.0,8.0,1.0,188.0,369.0,4.0,10.0,0.0,5.0,33.0,0.0,1.0,0.0,59.0,79.0,0.0,8.0,1.0,192.0,373.0,4.0,10.0,0.0,5.0,34.0,0.0,1.0,0.0,61.0,80.0,0.0,9.0,1.0,1.0
0,5,0,0,0.0,0.0,0.0,0.0,0.0,0.0,0.0,0.0,1.0,3.0,3.0,5.0,3.0,2.0,2.0,3.0,5.0,0.0,0.0,0.0,0.0,0.0,3.0,0.0,0.0,1.0,1.0,0.0,0.0,1.0,28.0,32.0,3.0,0.0,3.0,0.0,2.0,0.0,2.0,0.0,2.0,13.0,0.0,2.0,0.0,28.0,32.0,3.0,0.0,3.0,0.0,2.0,0.0,2.0,0.0,2.0,13.0,0.0,2.0,0.0,1.0
0,5,0,0,0.0,0.0,0.0,0.0,0.0,0.0,0.0,0.0,1.0,3.0,3.0,5.0,3.0,2.0,2.0,3.0,5.0,0.0,0.0,0.0,0.0,0.0,3.0,0.0,0.0,1.0,1.0,0.0,0.0,1.0,27.0,31.0,3.0,0.0,3.0,0.0,2.0,0.0,2.0,0.0,2.0,12.0,0.0,2.0,0.0,27.0,31.0,3.0,0.0,3.0,0.0,2.0,0.0,2.0,0.0,2.0,12.0,0.0,2.0,0.0,0.0
0,2,0,0,0.0,0.0,0.0,0.0,0.0,0.0,0.0,0.0,1.0,3.0,3.0,5.0,3.0,2.0,2.0,3.0,5.0,0.0,0.0,0.0,0.0,0.0,3.0,0.0,0.0,1.0,1.0,0.0,0.0,1.0,27.0,31.0,3.0,0.0,3.0,0.0,2.0,0.0,2.0,0.0,2.0,12.0,0.0,2.0,0.0,27.0,31.0,3.0,0.0,3.0,0.0,2.0,0.0,2.0,0.0,2.0,12.0,0.0,2.0,0.0,0.0
0,1,0,0,0.0,0.0,0.0,0.0,0.0,0.0,0.0,0.0,1.0,3.0,3.0,5.0,3.0,2.0,2.0,3.0,5.0,0.0,0.0,0.0,0.0,0.0,3.0,0.0,0.0,1.0,1.0,0.0,0.0,1.0,27.0,31.0,3.0,0.0,3.0,0.0,2.0,0.0,2.0,0.0,2.0,12.0,0.0,2.0,0.0,27.0,31.0,3.0,0.0,3.0,0.0,2.0,0.0,2.0,0.0,2.0,12.0,0.0,2.0,0.0,0.0
0,11,0,0,0.0,0.0,0.0,0.0,0.0,0.0,0.0,0.0,1.0,3.0,3.0,5.0,3.0,2.0,2.0,3.0,5.0,0.0,0.0,0.0,0.0,0.0,3.0,0.0,0.0,1.0,1.0,0.0,0.0,1.0,27.0,31.0,3.0,0.0,3.0,0.0,2.0,0.0,2.0,0.0,2.0,12.0,0.0,2.0,0.0,27.0,31.0,3.0,0.0,3.0,0.0,2.0,0.0,2.0,0.0,2.0,12.0,0.0,2.0,0.0,0.0
0,7,0,0,0.0,0.0,0.0,0.0,0.0,0.0,0.0,0.0,1.0,2.0,2.0,6.0,2.0,1.0,1.0,1.0,3.0,0.0,0.0,0.0,0.0,0.0,3.0,0.0,0.0,1.0,1.0,0.0,0.0,1.0,29.0,31.0,2.0,0.0,2.0,0.0,2.0,0.0,2.0,0.0,2.0,12.0,0.0,2.0,0.0,29.0,31.0,2.0,0.0,2.0,0.0,2.0,0.0,2.0,0.0,2.0,12.0,0.0,2.0,0.0,1.0
0,7,0,0,0.0,0.0,0.0,0.0,0.0,0.0,0.0,0.0,1.0,2.0,2.0,7.0,2.0,2.0,5.0,1.0,3.0,0.0,0.0,0.0,0.0,0.0,3.0,0.0,0.0,1.0,1.0,0.0,0.0,1.0,31.0,33.0,2.0,0.0,2.0,0.0,2.0,0.0,2.0,0.0,2.0,13.0,0.0,2.0,0.0,31.0,33.0,2.0,0.0,2.0,0.0,2.0,0.0,2.0,0.0,2.0,13.0,0.0,2.0,0.0,0.0
2,21,0,0,0.0,0.0,0.0,0.0,0.0,0.0,0.0,0.0,1.0,2.0,2.0,7.0,2.0,2.0,5.0,1.0,3.0,0.0,0.0,0.0,0.0,0.0,3.0,0.0,0.0,1.0,1.0,0.0,0.0,1.0,31.0,33.0,2.0,0.0,2.0,0.0,2.0,0.0,2.0,0.0,2.0,13.0,0.0,2.0,0.0,31.0,33.0,2.0,0.0,2.0,0.0,2.0,0.0,2.0,0.0,2.0,13.0,0.0,2.0,0.0,0.0
0,11,0,0,0.0,0.0,0.0,0.0,0.0,0.0,0.0,0.0,1.0,2.0,2.0,7.0,2.0,2.0,5.0,1.0,3.0,0.0,0.0,0.0,0.0,0.0,3.0,0.0,0.0,1.0,1.0,0.0,0.0,1.0,31.0,33.0,2.0,0.0,2.0,0.0,2.0,0.0,2.0,0.0,2.0,13.0,0.0,2.0,0.0,31.0,33.0,2.0,0.0,2.0,0.0,2.0,0.0,2.0,0.0,2.0,13.0,0.0,2.0,0.0,0.0
0,8,0,0,0.0,0.0,0.0,0.0,0.0,0.0,0.0,0.0,1.0,2.0,2.0,7.0,2.0,2.0,5.0,1.0,3.0,0.0,0.0,0.0,0.0,0.0,3.0,0.0,0.0,1.0,1.0,0.0,0.0,1.0,31.0,33.0,2.0,0.0,2.0,0.0,2.0,0.0,2.0,0.0,2.0,13.0,0.0,2.0,0.0,31.0,33.0,2.0,0.0,2.0,0.0,2.0,0.0,2.0,0.0,2.0,13.0,0.0,2.0,0.0,0.0
0,6,1,0,0.0,0.0,0.0,0.0,0.0,0.0,0.0,0.0,1.0,2.0,2.0,7.0,2.0,2.0,5.0,1.0,3.0,0.0,0.0,0.0,0.0,0.0,3.0,0.0,0.0,1.0,1.0,0.0,0.0,1.0,31.0,33.0,2.0,0.0,2.0,0.0,2.0,0.0,2.0,0.0,2.0,13.0,0.0,2.0,0.0,31.0,33.0,2.0,0.0,2.0,0.0,2.0,0.0,2.0,0.0,2.0,13.0,0.0,2.0,0.0,0.0
0,0,0,0,0.0,0.0,0.0,0.0,0.0,0.0,0.0,0.0,1.0,2.0,2.0,7.0,2.0,2.0,5.0,1.0,3.0,0.0,0.0,0.0,0.0,0.0,3.0,0.0,0.0,1.0,1.0,0.0,0.0,1.0,31.0,33.0,2.0,0.0,2.0,0.0,2.0,0.0,2.0,0.0,2.0,13.0,0.0,2.0,0.0,31.0,33.0,2.0,0.0,2.0,0.0,2.0,0.0,2.0,0.0,2.0,13.0,0.0,2.0,0.0,0.0
0,31,0,0,0.0,0.0,0.0,0.0,0.0,0.0,0.0,0.0,1.0,2.0,2.0,7.0,2.0,2.0,5.0,1.0,3.0,0.0,0.0,0.0,0.0,0.0,3.0,0.0,0.0,1.0,1.0,0.0,0.0,1.0,31.0,33.0,2.0,0.0,2.0,0.0,2.0,0.0,2.0,0.0,2.0,13.0,0.0,2.0,0.0,31.0,33.0,2.0,0.0,2.0,0.0,2.0,0.0,2.0,0.0,2.0,13.0,0.0,2.0,0.0,0.0
0,27,0,0,0.0,0.0,0.0,0.0,0.0,0.0,0.0,0.0,1.0,2.0,2.0,7.0,2.0,2.0,5.0,1.0,3.0,0.0,0.0,0.0,0.0,0.0,3.0,0.0,0.0,1.0,1.0,0.0,0.0,1.0,31.0,33.0,2.0,0.0,2.0,0.0,2.0,0.0,2.0,0.0,2.0,13.0,0.0,2.0,0.0,31.0,33.0,2.0,0.0,2.0,0.0,2.0,0.0,2.0,0.0,2.0,13.0,0.0,2.0,0.0,0.0
0,28,0,0,0.0,0.0,0.0,0.0,0.0,0.0,0.0,0.0,1.0,2.0,2.0,7.0,2.0,2.0,5.0,1.0,3.0,0.0,0.0,0.0,0.0,0.0,3.0,0.0,0.0,1.0,1.0,0.0,0.0,1.0,31.0,33.0,2.0,0.0,2.0,0.0,2.0,0.0,2.0,0.0,2.0,13.0,0.0,2.0,0.0,31.0,33.0,2.0,0.0,2.0,0.0,2.0,0.0,2.0,0.0,2.0,13.0,0.0,2.0,0.0,0.0
0,35,9,0,0.0,0.0,0.0,0.0,0.0,0.0,0.0,0.0,1.0,2.0,2.0,7.0,2.0,2.0,5.0,1.0,3.0,0.0,0.0,0.0,0.0,0.0,3.0,0.0,0.0,1.0,1.0,0.0,0.0,1.0,31.0,33.0,2.0,0.0,2.0,0.0,2.0,0.0,2.0,0.0,2.0,13.0,0.0,2.0,0.0,31.0,33.0,2.0,0.0,2.0,0.0,2.0,0.0,2.0,0.0,2.0,13.0,0.0,2.0,0.0,0.0
0,1,0,0,0.0,0.0,0.0,0.0,0.0,0.0,0.0,0.0,1.0,2.0,2.0,7.0,2.0,2.0,5.0,1.0,3.0,0.0,0.0,0.0,0.0,0.0,3.0,0.0,0.0,1.0,1.0,0.0,0.0,1.0,31.0,33.0,2.0,0.0,2.0,0.0,2.0,0.0,2.0,0.0,2.0,13.0,0.0,2.0,0.0,31.0,33.0,2.0,0.0,2.0,0.0,2.0,0.0,2.0,0.0,2.0,13.0,0.0,2.0,0.0,0.0
0,10,2,0,0.0,0.0,0.0,0.0,0.0,0.0,0.0,0.0,1.0,1.0,1.0,11.0,6.0,5.0,5.0,9.0,15.0,0.0,0.0,0.0,0.0,0.0,4.0,0.0,0.0,2.0,2.0,0.0,0.0,1.0,46.0,53.0,2.0,2.0,2.0,2.0,6.0,0.0,3.0,0.0,7.0,20.0,0.0,4.0,0.0,46.0,53.0,2.0,2.0,2.0,2.0,6.0,0.0,3.0,0.0,7.0,20.0,0.0,4.0,0.0,1.0
0,10,2,0,0.0,0.0,0.0,0.0,0.0,0.0,0.0,0.0,1.0,1.0,1.0,12.0,6.0,6.0,6.0,9.0,15.0,0.0,0.0,0.0,0.0,0.0,4.0,0.0,0.0,2.0,2.0,0.0,0.0,1.0,49.0,56.0,2.0,2.0,2.0,2.0,6.0,0.0,3.0,0.0,7.0,22.0,0.0,4.0,0.0,49.0,56.0,2.0,2.0,2.0,2.0,6.0,0.0,3.0,0.0,7.0,22.0,0.0,4.0,0.0,0.0
0,0,0,0,0.0,0.0,0.0,0.0,0.0,0.0,0.0,0.0,1.0,1.0,1.0,12.0,6.0,6.0,6.0,9.0,15.0,0.0,0.0,0.0,0.0,0.0,4.0,0.0,0.0,2.0,2.0,0.0,0.0,1.0,49.0,56.0,2.0,2.0,2.0,2.0,6.0,0.0,3.0,0.0,7.0,22.0,0.0,4.0,0.0,49.0,56.0,2.0,2.0,2.0,2.0,6.0,0.0,3.0,0.0,7.0,22.0,0.0,4.0,0.0,0.0
0,1,0,0,0.0,0.0,0.0,0.0,0.0,0.0,0.0,0.0,1.0,1.0,1.0,12.0,6.0,6.0,6.0,9.0,15.0,0.0,0.0,0.0,0.0,0.0,4.0,0.0,0.0,2.0,2.0,0.0,0.0,1.0,49.0,56.0,2.0,2.0,2.0,2.0,6.0,0.0,3.0,0.0,7.0,22.0,0.0,4.0,0.0,49.0,56.0,2.0,2.0,2.0,2.0,6.0,0.0,3.0,0.0,7.0,22.0,0.0,4.0,0.0,0.0
0,8,0,0,0.0,0.0,0.0,0.0,0.0,0.0,0.0,0.0,1.0,1.0,1.0,12.0,6.0,6.0,6.0,9.0,15.0,0.0,0.0,0.0,0.0,0.0,4.0,0.0,0.0,2.0,2.0,0.0,0.0,1.0,49.0,56.0,2.0,2.0,2.0,2.0,6.0,0.0,3.0,0.0,7.0,22.0,0.0,4.0,0.0,49.0,56.0,2.0,2.0,2.0,2.0,6.0,0.0,3.0,0.0,7.0,22.0,0.0,4.0,0.0,0.0
0,2,0,0,0.0,0.0,0.0,0.0,0.0,0.0,0.0,0.0,1.0,1.0,1.0,12.0,6.0,6.0,6.0,9.0,15.0,0.0,0.0,0.0,0.0,0.0,4.0,0.0,0.0,2.0,2.0,0.0,0.0,1.0,49.0,56.0,2.0,2.0,2.0,2.0,6.0,0.0,3.0,0.0,7.0,22.0,0.0,4.0,0.0,49.0,56.0,2.0,2.0,2.0,2.0,6.0,0.0,3.0,0.0,7.0,22.0,0.0,4.0,0.0,0.0
0,2,0,0,0.0,0.0,0.0,0.0,0.0,0.0,0.0,0.0,1.0,2.0,2.0,10.0,8.0,3.0,3.0,2.0,9.0,0.0,0.0,0.0,0.0,0.0,3.0,0.0,0.0,1.0,1.0,0.0,0.0,1.0,40.0,48.0,2.0,0.0,1.0,0.0,7.0,0.0,2.0,0.0,13.0,14.0,0.0,5.0,0.0,40.0,48.0,2.0,0.0,1.0,0.0,7.0,0.0,2.0,0.0,13.0,14.0,0.0,5.0,0.0,1.0
0,2,0,0,0.0,0.0,0.0,0.0,0.0,0.0,0.0,0.0,1.0,2.0,2.0,11.0,8.0,3.0,2.0,2.0,10.0,0.5,0.12,6.0,6.0,2.0,2.0,0.12,6.0,1.0,1.0,1.0,1.0,1.0,44.0,59.0,2.0,0.0,1.0,0.0,8.0,0.0,3.0,0.0,14.0,15.0,0.0,6.0,0.0,44.0,59.0,2.0,0.0,1.0,0.0,8.0,0.0,3.0,0.0,14.0,15.0,0.0,6.0,0.0,0.0
1,9,1,0,0.0,0.0,0.0,0.0,0.0,0.0,0.0,0.0,1.0,2.0,2.0,11.0,8.0,3.0,2.0,2.0,10.0,0.5,0.12,6.0,6.0,2.0,2.0,0.12,6.0,1.0,1.0,1.0,1.0,1.0,44.0,59.0,2.0,0.0,1.0,0.0,8.0,0.0,3.0,0.0,14.0,15.0,0.0,6.0,0.0,44.0,59.0,2.0,0.0,1.0,0.0,8.0,0.0,3.0,0.0,14.0,15.0,0.0,6.0,0.0,0.0
0,7,0,0,0.0,0.0,0.0,0.0,0.0,0.0,0.0,0.0,1.0,0.0,0.0,5.0,1.0,2.0,2.0,1.0,6.0,0.5,0.358974,14.0,14.0,2.0,2.0,0.358974,14.0,1.0,1.0,0.0,0.0,1.0,25.0,38.0,2.0,0.0,1.0,0.0,5.0,0.0,3.0,0.0,10.0,7.0,0.0,5.0,0.0,25.0,38.0,2.0,0.0,1.0,0.0,5.0,0.0,3.0,0.0,10.0,7.0,0.0,5.0,0.0,1.0
0,7,0,0,0.0,0.0,0.0,0.0,0.0,0.0,0.0,0.0,1.0,0.0,0.0,5.0,1.0,2.0,2.0,1.0,6.0,0.5,0.358974,14.0,14.0,2.0,2.0,0.358974,14.0,1.0,1.0,0.0,0.0,1.0,25.0,38.0,2.0,0.0,1.0,0.0,5.0,0.0,3.0,0.0,10.0,7.0,0.0,5.0,0.0,25.0,38.0,2.0,0.0,1.0,0.0,5.0,0.0,3.0,0.0,10.0,7.0,0.0,5.0,0.0,0.0
0,1,0,0,0.0,0.0,0.0,0.0,0.0,0.0,0.0,0.0,0.0,2.0,2.0,5.0,4.0,1.0,2.0,2.0,5.0,0.0,0.172414,5.0,5.0,0.0,4.0,0.172414,5.0,1.0,1.0,0.0,0.0,1.0,24.0,33.0,4.0,1.0,4.0,1.0,3.0,0.0,3.0,0.0,13.0,8.0,0.0,13.0,0.0,24.0,33.0,4.0,1.0,4.0,1.0,3.0,0.0,3.0,0.0,13.0,8.0,0.0,13.0,0.0,1.0
0,1,0,0,0.0,0.0,0.0,0.0,0.0,0.0,0.0,0.0,0.0,2.0,2.0,5.0,4.0,2.0,2.0,1.0,4.0,0.0,0.172414,5.0,5.0,0.0,4.0,0.204082,10.0,1.0,1.0,0.0,0.0,1.0,24.0,40.0,4.0,1.0,4.0,1.0,3.0,0.0,3.0,0.0,13.0,8.0,0.0,13.0,0.0,39.0,57.0,6.0,1.0,4.0,1.0,5.0,0.0,4.0,0.0,37.0,12.0,0.0,25.0,0.0,0.0
0,5,0,0,0.0,0.0,0.0,0.0,0.0,0.0,0.0,0.0,0.0,2.0,2.0,5.0,4.0,2.0,2.0,1.0,4.0,0.0,0.172414,5.0,5.0,0.0,4.0,0.204082,10.0,1.0,1.0,0.0,0.0,1.0,24.0,40.0,4.0,1.0,4.0,1.0,3.0,0.0,3.0,0.0,13.0,8.0,0.0,13.0,0.0,39.0,57.0,6.0,1.0,4.0,1.0,5.0,0.0,4.0,0.0,37.0,12.0,0.0,25.0,0.0,0.0
0,2,0,0,0.0,0.0,0.0,0.0,0.0,0.0,0.0,0.0,0.0,2.0,2.0,5.0,4.0,2.0,2.0,1.0,4.0,0.0,0.172414,5.0,5.0,0.0,4.0,0.204082,10.0,1.0,1.0,0.0,0.0,1.0,24.0,40.0,4.0,1.0,4.0,1.0,3.0,0.0,3.0,0.0,13.0,8.0,0.0,13.0,0.0,39.0,57.0,6.0,1.0,4.0,1.0,5.0,0.0,4.0,0.0,37.0,12.0,0.0,25.0,0.0,0.0
0,0,0,0,0.0,0.0,0.0,0.0,0.0,0.0,0.0,0.0,0.0,2.0,2.0,5.0,4.0,2.0,2.0,1.0,4.0,0.0,0.172414,5.0,5.0,0.0,4.0,0.204082,10.0,1.0,1.0,0.0,0.0,1.0,24.0,40.0,4.0,1.0,4.0,1.0,3.0,0.0,3.0,0.0,13.0,8.0,0.0,13.0,0.0,39.0,57.0,6.0,1.0,4.0,1.0,5.0,0.0,4.0,0.0,37.0,12.0,0.0,25.0,0.0,0.0
0,16,0,0,0.0,0.0,0.0,0.0,0.0,0.0,0.0,0.0,0.0,2.0,2.0,5.0,4.0,2.0,2.0,1.0,4.0,0.0,0.172414,5.0,5.0,0.0,4.0,0.204082,10.0,1.0,1.0,0.0,0.0,1.0,24.0,40.0,4.0,1.0,4.0,1.0,3.0,0.0,3.0,0.0,13.0,8.0,0.0,13.0,0.0,39.0,57.0,6.0,1.0,4.0,1.0,5.0,0.0,4.0,0.0,37.0,12.0,0.0,25.0,0.0,0.0
0,32,1,1,0.0,0.0,0.0,0.0,0.0,0.0,0.0,0.0,0.0,2.0,2.0,5.0,4.0,2.0,2.0,1.0,4.0,0.0,0.172414,5.0,5.0,0.0,4.0,0.204082,10.0,1.0,1.0,0.0,0.0,1.0,24.0,40.0,4.0,1.0,4.0,1.0,3.0,0.0,3.0,0.0,13.0,8.0,0.0,13.0,0.0,39.0,57.0,6.0,1.0,4.0,1.0,5.0,0.0,4.0,0.0,37.0,12.0,0.0,25.0,0.0,0.0
0,10,0,0,0.0,0.0,0.0,0.0,0.0,0.0,0.0,0.0,0.0,2.0,2.0,5.0,4.0,2.0,2.0,1.0,4.0,0.0,0.172414,5.0,5.0,0.0,4.0,0.204082,10.0,1.0,1.0,0.0,0.0,1.0,24.0,40.0,4.0,1.0,4.0,1.0,3.0,0.0,3.0,0.0,13.0,8.0,0.0,13.0,0.0,39.0,57.0,6.0,1.0,4.0,1.0,5.0,0.0,4.0,0.0,37.0,12.0,0.0,25.0,0.0,0.0
1,10,0,0,0.0,0.0,0.0,0.0,0.0,0.0,0.0,0.0,1.0,1.0,1.0,6.0,0.0,3.0,3.0,0.0,4.0,0.6,0.388889,21.0,21.0,3.0,2.0,0.388889,21.0,0.0,0.0,0.0,0.0,0.0,33.0,55.0,3.0,1.0,3.0,1.0,4.0,0.0,4.0,0.0,4.0,16.0,0.0,4.0,0.0,33.0,55.0,3.0,1.0,3.0,1.0,4.0,0.0,4.0,0.0,4.0,16.0,0.0,4.0,0.0,1.0
1,10,0,0,0.0,0.0,0.0,0.0,0.0,0.0,0.0,0.0,1.0,1.0,1.0,8.0,0.0,4.0,4.0,0.0,5.0,0.5,0.35,21.0,21.0,3.0,3.0,0.35,21.0,0.0,0.0,0.0,0.0,0.0,39.0,62.0,4.0,2.0,4.0,2.0,5.0,0.0,5.0,0.0,5.0,18.0,0.0,5.0,0.0,39.0,62.0,4.0,2.0,4.0,2.0,5.0,0.0,5.0,0.0,5.0,18.0,0.0,5.0,0.0,0.0
0,1,0,0,0.0,0.0,0.0,0.0,0.0,0.0,0.0,0.0,1.0,1.0,1.0,8.0,0.0,4.0,4.0,0.0,5.0,0.5,0.35,21.0,21.0,3.0,3.0,0.35,21.0,0.0,0.0,0.0,0.0,0.0,39.0,62.0,4.0,2.0,4.0,2.0,5.0,0.0,5.0,0.0,5.0,18.0,0.0,5.0,0.0,39.0,62.0,4.0,2.0,4.0,2.0,5.0,0.0,5.0,0.0,5.0,18.0,0.0,5.0,0.0,0.0
0,2,6,0,0.0,0.0,0.0,0.0,0.0,0.0,0.0,0.0,1.0,1.0,1.0,3.0,2.0,1.0,2.0,1.0,3.0,0.0,0.0,0.0,0.0,0.0,2.0,0.0,0.0,1.0,1.0,0.0,0.0,1.0,13.0,15.0,1.0,0.0,1.0,0.0,2.0,1.0,1.0,0.0,5.0,4.0,1.0,2.0,0.0,13.0,15.0,1.0,0.0,1.0,0.0,2.0,1.0,1.0,0.0,5.0,4.0,1.0,2.0,0.0,1.0
0,2,6,0,0.0,0.0,0.0,0.0,0.0,0.0,0.0,0.0,1.0,1.0,1.0,4.0,1.0,1.0,2.0,0.0,3.0,0.0,0.0,0.0,0.0,0.0,3.0,0.0,0.0,1.0,1.0,0.0,0.0,1.0,16.0,19.0,1.0,0.0,1.0,0.0,3.0,1.0,2.0,0.0,6.0,5.0,1.0,3.0,0.0,16.0,19.0,1.0,0.0,1.0,0.0,3.0,1.0,2.0,0.0,6.0,5.0,1.0,3.0,0.0,0.0
0,7,1,0,0.0,0.0,0.0,0.0,0.0,0.0,0.0,0.0,1.0,1.0,1.0,4.0,1.0,1.0,2.0,0.0,3.0,0.0,0.0,0.0,0.0,0.0,3.0,0.0,0.0,1.0,1.0,0.0,0.0,1.0,16.0,19.0,1.0,0.0,1.0,0.0,3.0,1.0,2.0,0.0,6.0,5.0,1.0,3.0,0.0,16.0,19.0,1.0,0.0,1.0,0.0,3.0,1.0,2.0,0.0,6.0,5.0,1.0,3.0,0.0,0.0
0,10,0,0,0.0,0.0,0.0,0.0,0.0,0.0,0.0,0.0,1.0,1.0,1.0,4.0,1.0,1.0,2.0,0.0,3.0,0.0,0.0,0.0,0.0,0.0,3.0,0.0,0.0,1.0,1.0,0.0,0.0,1.0,16.0,19.0,1.0,0.0,1.0,0.0,3.0,1.0,2.0,0.0,6.0,5.0,1.0,3.0,0.0,16.0,19.0,1.0,0.0,1.0,0.0,3.0,1.0,2.0,0.0,6.0,5.0,1.0,3.0,0.0,0.0
0,0,0,0,0.0,0.0,0.0,0.0,0.0,0.0,0.0,0.0,1.0,1.0,1.0,4.0,1.0,1.0,2.0,0.0,3.0,0.0,0.0,0.0,0.0,0.0,3.0,0.0,0.0,1.0,1.0,0.0,0.0,1.0,16.0,19.0,1.0,0.0,1.0,0.0,3.0,1.0,2.0,0.0,6.0,5.0,1.0,3.0,0.0,16.0,19.0,1.0,0.0,1.0,0.0,3.0,1.0,2.0,0.0,6.0,5.0,1.0,3.0,0.0,0.0
0,15,6,0,0.0,0.0,0.0,0.0,0.0,0.0,0.0,0.0,5.0,2.0,1.0,70.0,5.0,143.0,447.0,3.0,53.0,1.0,0.69931,507.0,507.0,43.0,0.0,0.69931,507.0,0.0,0.0,0.0,0.0,0.0,218.0,760.0,0.0,0.0,0.0,0.0,50.0,0.0,42.0,0.0,50.0,87.0,0.0,42.0,0.0,218.0,760.0,0.0,0.0,0.0,0.0,50.0,0.0,42.0,0.0,50.0,87.0,0.0,42.0,0.0,2.0
0,15,6,0,0.0,0.0,0.0,0.0,0.0,0.0,0.0,0.0,5.0,2.0,1.0,70.0,5.0,140.0,434.0,3.0,53.0,1.0,0.69931,507.0,507.0,43.0,0.0,0.69931,507.0,0.0,0.0,0.0,0.0,0.0,218.0,760.0,0.0,0.0,0.0,0.0,50.0,0.0,42.0,0.0,50.0,87.0,0.0,42.0,0.0,218.0,760.0,0.0,0.0,0.0,0.0,50.0,0.0,42.0,0.0,50.0,87.0,0.0,42.0,0.0,2.0
0,15,6,0,0.0,0.0,0.0,0.0,0.0,0.0,0.0,0.0,5.0,2.0,2.0,80.0,5.0,167.0,515.0,4.0,57.0,1.0,0.69469,628.0,550.0,43.0,0.0,0.69469,628.0,0.0,0.0,0.0,0.0,0.0,276.0,954.0,0.0,0.0,0.0,0.0,53.0,0.0,42.0,0.0,53.0,172.0,0.0,42.0,0.0,276.0,954.0,0.0,0.0,0.0,0.0,53.0,0.0,42.0,0.0,53.0,172.0,0.0,42.0,0.0,0.0
0,15,6,0,0.0,0.0,0.0,0.0,0.0,0.0,0.0,0.0,5.0,2.0,1.0,70.0,5.0,143.0,440.0,3.0,53.0,1.0,0.69931,507.0,507.0,43.0,0.0,0.69931,507.0,0.0,0.0,0.0,0.0,0.0,218.0,760.0,0.0,0.0,0.0,0.0,50.0,0.0,42.0,0.0,50.0,87.0,0.0,42.0,0.0,218.0,760.0,0.0,0.0,0.0,0.0,50.0,0.0,42.0,0.0,50.0,87.0,0.0,42.0,0.0,1.0
0,2,0,0,0.0,0.0,0.0,0.0,0.0,0.0,0.0,0.0,5.0,2.0,1.0,70.0,5.0,143.0,440.0,3.0,53.0,1.0,0.69931,507.0,507.0,43.0,0.0,0.69931,507.0,0.0,0.0,0.0,0.0,0.0,218.0,760.0,0.0,0.0,0.0,0.0,50.0,0.0,42.0,0.0,50.0,87.0,0.0,42.0,0.0,218.0,760.0,0.0,0.0,0.0,0.0,50.0,0.0,42.0,0.0,50.0,87.0,0.0,42.0,0.0,1.0
0,0,0,0,0.0,0.0,0.0,0.0,0.0,0.0,0.0,0.0,5.0,2.0,1.0,70.0,5.0,143.0,440.0,3.0,53.0,1.0,0.69931,507.0,507.0,43.0,0.0,0.69931,507.0,0.0,0.0,0.0,0.0,0.0,218.0,760.0,0.0,0.0,0.0,0.0,50.0,0.0,42.0,0.0,50.0,87.0,0.0,42.0,0.0,218.0,760.0,0.0,0.0,0.0,0.0,50.0,0.0,42.0,0.0,50.0,87.0,0.0,42.0,0.0,1.0
0,33,1,0,0.0,0.0,0.0,0.0,0.0,0.0,0.0,0.0,5.0,2.0,1.0,70.0,5.0,143.0,440.0,3.0,53.0,1.0,0.69931,507.0,507.0,43.0,0.0,0.69931,507.0,0.0,0.0,0.0,0.0,0.0,218.0,760.0,0.0,0.0,0.0,0.0,50.0,0.0,42.0,0.0,50.0,87.0,0.0,42.0,0.0,218.0,760.0,0.0,0.0,0.0,0.0,50.0,0.0,42.0,0.0,50.0,87.0,0.0,42.0,0.0,1.0
3,26,1,0,0.0,0.0,0.0,0.0,0.0,0.0,0.0,0.0,5.0,2.0,1.0,70.0,5.0,143.0,440.0,3.0,53.0,1.0,0.69931,507.0,507.0,43.0,0.0,0.69931,507.0,0.0,0.0,0.0,0.0,0.0,218.0,760.0,0.0,0.0,0.0,0.0,50.0,0.0,42.0,0.0,50.0,87.0,0.0,42.0,0.0,218.0,760.0,0.0,0.0,0.0,0.0,50.0,0.0,42.0,0.0,50.0,87.0,0.0,42.0,0.0,1.0
0,9,0,0,0.0,0.0,0.0,0.0,0.0,0.0,0.0,0.0,3.0,0.0,0.0,5.0,1.0,24.0,92.0,0.0,5.0,1.0,0.555556,25.0,25.0,6.0,0.0,0.390625,25.0,0.0,0.0,0.0,0.0,0.0,20.0,42.0,0.0,0.0,0.0,0.0,5.0,0.0,5.0,0.0,5.0,4.0,0.0,5.0,0.0,39.0,64.0,0.0,0.0,0.0,0.0,11.0,0.0,11.0,0.0,11.0,10.0,0.0,11.0,0.0,1.0
0,9,0,0,0.0,0.0,0.0,0.0,0.0,0.0,0.0,0.0,4.0,0.0,0.0,6.0,1.0,24.0,94.0,0.0,6.0,1.0,0.555556,30.0,30.0,7.0,0.0,0.365854,30.0,0.0,0.0,0.0,0.0,0.0,24.0,52.0,0.0,0.0,0.0,0.0,6.0,0.0,6.0,0.0,6.0,5.0,0.0,6.0,0.0,52.0,84.0,0.0,0.0,0.0,0.0,14.0,0.0,14.0,0.0,14.0,14.0,0.0,14.0,0.0,0.0
0,7,0,0,0.0,0.0,0.0,0.0,0.0,0.0,0.0,0.0,1.0,0.0,0.0,6.0,6.0,30.0,95.0,7.0,13.0,0.833333,0.466667,21.0,21.0,5.0,1.0,0.466667,21.0,0.0,0.0,0.0,0.0,0.0,24.0,42.0,1.0,0.0,1.0,0.0,6.0,0.0,5.0,0.0,6.0,8.0,0.0,5.0,0.0,24.0,42.0,1.0,0.0,1.0,0.0,6.0,0.0,5.0,0.0,6.0,8.0,0.0,5.0,0.0,1.0
0,7,0,0,0.0,0.0,0.0,0.0,0.0,0.0,0.0,0.0,1.0,0.0,0.0,7.0,6.0,31.0,98.0,7.0,14.0,0.857143,0.490566,26.0,26.0,6.0,1.0,0.490566,26.0,0.0,0.0,0.0,0.0,0.0,27.0,51.0,1.0,0.0,1.0,0.0,7.0,0.0,6.0,0.0,7.0,9.0,0.0,6.0,0.0,27.0,51.0,1.0,0.0,1.0,0.0,7.0,0.0,6.0,0.0,7.0,9.0,0.0,6.0,0.0,0.0
0,6,0,0,0.0,0.0,0.0,0.0,0.0,0.0,0.0,0.0,1.0,0.0,0.0,7.0,6.0,31.0,98.0,7.0,14.0,0.857143,0.490566,26.0,26.0,6.0,1.0,0.490566,26.0,0.0,0.0,0.0,0.0,0.0,27.0,51.0,1.0,0.0,1.0,0.0,7.0,0.0,6.0,0.0,7.0,9.0,0.0,6.0,0.0,27.0,51.0,1.0,0.0,1.0,0.0,7.0,0.0,6.0,0.0,7.0,9.0,0.0,6.0,0.0,0.0
6,37,1,0,0.0,0.0,0.0,0.0,0.0,0.0,0.0,0.0,1.0,2.0,2.0,22.0,7.0,6.0,9.0,9.0,23.0,0.181818,0.0747664,8.0,8.0,2.0,9.0,0.0747664,8.0,0.0,0.0,0.0,0.0,0.0,99.0,123.0,3.0,7.0,3.0,7.0,14.0,0.0,10.0,0.0,14.0,45.0,0.0,10.0,0.0,99.0,123.0,3.0,7.0,3.0,7.0,14.0,0.0,10.0,0.0,14.0,45.0,0.0,10.0,0.0,1.0
6,37,1,0,0.0,0.0,0.0,0.0,0.0,0.0,0.0,0.0,1.0,2.0,2.0,25.0,9.0,6.0,9.0,13.0,28.0,0.181818,0.0701754,8.0,8.0,2.0,9.0,0.0701754,8.0,0.0,0.0,0.0,0.0,0.0,106.0,134.0,3.0,7.0,3.0,7.0,15.0,0.0,10.0,0.0,15.0,51.0,0.0,10.0,0.0,106.0,134.0,3.0,7.0,3.0,7.0,15.0,0.0,10.0,0.0,15.0,51.0,0.0,10.0,0.0,0.0
0,4,0,0,0.0,0.0,0.0,0.0,0.0,0.0,0.0,0.0,1.0,2.0,2.0,25.0,9.0,6.0,9.0,13.0,28.0,0.181818,0.0701754,8.0,8.0,2.0,9.0,0.0701754,8.0,0.0,0.0,0.0,0.0,0.0,106.0,134.0,3.0,7.0,3.0,7.0,15.0,0.0,10.0,0.0,15.0,51.0,0.0,10.0,0.0,106.0,134.0,3.0,7.0,3.0,7.0,15.0,0.0,10.0,0.0,15.0,51.0,0.0,10.0,0.0,0.0
0,3,0,0,0.0,0.0,0.0,0.0,0.0,0.0,0.0,0.0,1.0,2.0,2.0,25.0,9.0,6.0,9.0,13.0,28.0,0.181818,0.0701754,8.0,8.0,2.0,9.0,0.0701754,8.0,0.0,0.0,0.0,0.0,0.0,106.0,134.0,3.0,7.0,3.0,7.0,15.0,0.0,10.0,0.0,15.0,51.0,0.0,10.0,0.0,106.0,134.0,3.0,7.0,3.0,7.0,15.0,0.0,10.0,0.0,15.0,51.0,0.0,10.0,0.0,0.0
0,37,0,0,0.0,0.0,0.0,0.0,0.0,0.0,0.0,0.0,1.0,4.0,3.0,20.0,8.0,2.0,2.0,10.0,17.0,0.666667,0.1,7.0,6.0,2.0,1.0,0.0842105,8.0,1.0,1.0,0.0,0.0,1.0,63.0,77.0,1.0,2.0,1.0,2.0,7.0,0.0,2.0,0.0,7.0,28.0,0.0,2.0,0.0,87.0,105.0,2.0,4.0,2.0,4.0,10.0,0.0,4.0,0.0,11.0,35.0,0.0,5.0,0.0,2.0
0,37,0,0,0.164557,1.0,4.0,2.0,0.130719,0.130081,20.0,16.0,1.0,3.0,3.0,29.0,9.0,4.0,15.0,11.0,24.0,0.666667,0.0747664,8.0,6.0,2.0,1.0,0.0681818,9.0,1.0,1.0,1.0,1.0,1.0,99.0,125.0,1.0,6.0,1.0,6.0,13.0,0.0,2.0,0.0,13.0,48.0,0.0,2.0,0.0,123.0,153.0,2.0,8.0,2.0,8.0,16.0,0.0,4.0,0.0,17.0,55.0,0.0,5.0,0.0,1.0
0,37,0,0,0.0,0.0,0.0,0.0,0.0,0.0,0.0,0.0,1.0,4.0,4.0,25.0,8.0,2.0,2.0,9.0,18.0,0.666667,0.0941176,8.0,6.0,2.0,1.0,0.0818182,9.0,1.0,1.0,0.0,0.0,1.0,77.0,94.0,1.0,2.0,1.0,2.0,9.0,0.0,2.0,0.0,9.0,35.0,0.0,2.0,0.0,101.0,122.0,2.0,4.0,2.0,4.0,12.0,0.0,4.0,0.0,13.0,42.0,0.0,5.0,0.0,1.0
0,37,0,0,0.15415,1.0,4.0,2.0,0.127389,0.125984,20.0,16.0,1.0,4.0,4.0,32.0,9.0,5.0,14.0,14.0,27.0,0.666667,0.0560748,6.0,6.0,2.0,1.0,0.0451128,6.0,1.0,1.0,1.0,1.0,1.0,101.0,127.0,1.0,6.0,1.0,6.0,13.0,0.0,2.0,0.0,13.0,51.0,0.0,2.0,0.0,127.0,157.0,2.0,8.0,2.0,8.0,16.0,0.0,4.0,0.0,17.0,60.0,0.0,5.0,0.0,0.0
0,32,0,0,0.972973,1.0,12.0,4.0,0.853333,0.912281,64.0,52.0,0.0,2.0,2.0,13.0,7.0,2.0,6.0,10.0,15.0,0.0,0.0,0.0,0.0,0.0,2.0,0.0,0.0,2.0,2.0,0.0,0.0,1.0,57.0,75.0,1.0,10.0,0.0,4.0,5.0,0.0,1.0,0.0,18.0,33.0,0.0,3.0,0.0,57.0,75.0,1.0,10.0,0.0,4.0,5.0,0.0,1.0,0.0,18.0,33.0,0.0,3.0,0.0,1.0
0,32,0,0,0.972973,1.0,12.0,4.0,0.853333,0.912281,64.0,52.0,0.0,2.0,2.0,13.0,7.0,2.0,6.0,10.0,15.0,0.0,0.0,0.0,0.0,0.0,2.0,0.0,0.0,2.0,2.0,0.0,0.0,1.0,57.0,75.0,1.0,10.0,0.0,4.0,5.0,0.0,1.0,0.0,18.0,33.0,0.0,3.0,0.0,57.0,75.0,1.0,10.0,0.0,4.0,5.0,0.0,1.0,0.0,18.0,33.0,0.0,3.0,0.0,0.0
0,12,0,0,0.972973,1.0,12.0,4.0,0.853333,0.912281,64.0,52.0,0.0,2.0,2.0,13.0,7.0,2.0,6.0,10.0,15.0,0.0,0.0,0.0,0.0,0.0,2.0,0.0,0.0,2.0,2.0,0.0,0.0,1.0,57.0,75.0,1.0,10.0,0.0,4.0,5.0,0.0,1.0,0.0,18.0,33.0,0.0,3.0,0.0,57.0,75.0,1.0,10.0,0.0,4.0,5.0,0.0,1.0,0.0,18.0,33.0,0.0,3.0,0.0,0.0
0,0,0,0,0.972973,1.0,12.0,4.0,0.853333,0.912281,64.0,52.0,0.0,2.0,2.0,13.0,7.0,2.0,6.0,10.0,15.0,0.0,0.0,0.0,0.0,0.0,2.0,0.0,0.0,2.0,2.0,0.0,0.0,1.0,57.0,75.0,1.0,10.0,0.0,4.0,5.0,0.0,1.0,0.0,18.0,33.0,0.0,3.0,0.0,57.0,75.0,1.0,10.0,0.0,4.0,5.0,0.0,1.0,0.0,18.0,33.0,0.0,3.0,0.0,0.0
0,4,0,0,0.0,0.0,0.0,0.0,0.0,0.0,0.0,0.0,0.0,1.0,1.0,2.0,4.0,1.0,0.0,3.0,4.0,0.0,0.0,0.0,0.0,0.0,2.0,0.0,0.0,1.0,1.0,0.0,0.0,1.0,11.0,11.0,0.0,1.0,0.0,1.0,1.0,0.0,1.0,0.0,1.0,6.0,0.0,1.0,0.0,11.0,11.0,0.0,1.0,0.0,1.0,1.0,0.0,1.0,0.0,1.0,6.0,0.0,1.0,0.0,1.0
0,4,0,0,0.0,0.0,0.0,0.0,0.0,0.0,0.0,0.0,0.0,1.0,1.0,2.0,4.0,2.0,1.0,3.0,4.0,0.0,0.0,0.0,0.0,0.0,2.0,0.0,0.0,1.0,1.0,0.0,0.0,1.0,11.0,11.0,0.0,1.0,0.0,1.0,1.0,0.0,1.0,0.0,1.0,6.0,0.0,1.0,0.0,11.0,11.0,0.0,1.0,0.0,1.0,1.0,0.0,1.0,0.0,1.0,6.0,0.0,1.0,0.0,0.0
0,0,0,0,0.0,0.0,0.0,0.0,0.0,0.0,0.0,0.0,0.0,1.0,1.0,2.0,4.0,2.0,1.0,3.0,4.0,0.0,0.0,0.0,0.0,0.0,2.0,0.0,0.0,1.0,1.0,0.0,0.0,1.0,11.0,11.0,0.0,1.0,0.0,1.0,1.0,0.0,1.0,0.0,1.0,6.0,0.0,1.0,0.0,11.0,11.0,0.0,1.0,0.0,1.0,1.0,0.0,1.0,0.0,1.0,6.0,0.0,1.0,0.0,0.0
2,70,0,0,0.0,0.0,0.0,0.0,0.0,0.0,0.0,0.0,2.0,2.0,2.0,13.0,9.0,53.0,3.0,12.0,19.0,0.0,0.0,0.0,0.0,0.0,3.0,0.0179641,3.0,4.0,6.0,1.0,1.0,1.0,51.0,59.0,4.0,10.0,0.0,0.0,7.0,0.0,2.0,0.0,65.0,23.0,0.0,10.0,1.0,164.0,193.0,8.0,21.0,4.0,1.0,24.0,0.0,8.0,0.0,140.0,58.0,0.0,24.0,2.0,2.0
2,70,0,0,0.244473,1.0,10.0,2.0,0.12931,0.141414,30.0,28.0,2.0,3.0,3.0,26.0,13.0,61.0,6.0,15.0,24.0,0.0,0.0,0.0,0.0,0.0,3.0,0.0149254,3.0,4.0,6.0,1.0,1.0,1.0,85.0,98.0,5.0,10.0,0.0,0.0,9.0,0.0,2.0,0.0,67.0,42.0,0.0,10.0,1.0,198.0,232.0,9.0,21.0,4.0,1.0,26.0,0.0,8.0,0.0,142.0,77.0,0.0,24.0,2.0,1.0
2,70,0,0,0.286149,1.0,10.0,2.0,0.142857,0.156425,30.0,28.0,2.0,2.0,2.0,20.0,10.0,55.0,3.0,12.0,20.0,0.0,0.0,0.0,0.0,0.0,3.0,0.0164835,3.0,4.0,6.0,1.0,1.0,1.0,66.0,76.0,4.0,10.0,0.0,0.0,8.0,0.0,2.0,0.0,66.0,32.0,0.0,10.0,1.0,179.0,210.0,8.0,21.0,4.0,1.0,25.0,0.0,8.0,0.0,141.0,67.0,0.0,24.0,2.0,1.0
2,70,0,0,0.238882,1.0,10.0,2.0,0.126582,0.14,30.0,28.0,2.0,3.0,3.0,26.0,13.0,72.0,6.0,15.0,24.0,0.0,0.0,0.0,0.0,0.0,3.0,0.00990099,2.0,4.0,6.0,1.0,1.0,1.0,85.0,98.0,5.0,10.0,0.0,0.0,9.0,0.0,2.0,0.0,67.0,42.0,0.0,10.0,1.0,200.0,237.0,9.0,21.0,4.0,1.0,26.0,0.0,8.0,0.0,142.0,81.0,0.0,24.0,2.0,0.0
0,0,0,0,0.238882,1.0,10.0,2.0,0.126582,0.14,30.0,28.0,2.0,3.0,3.0,26.0,13.0,72.0,6.0,15.0,24.0,0.0,0.0,0.0,0.0,0.0,3.0,0.00990099,2.0,4.0,6.0,1.0,1.0,1.0,85.0,98.0,5.0,10.0,0.0,0.0,9.0,0.0,2.0,0.0,67.0,42.0,0.0,10.0,1.0,200.0,237.0,9.0,21.0,4.0,1.0,26.0,0.0,8.0,0.0,142.0,81.0,0.0,24.0,2.0,0.0
3,25,0,0,0.238882,1.0,10.0,2.0,0.126582,0.14,30.0,28.0,2.0,3.0,3.0,26.0,13.0,72.0,6.0,15.0,24.0,0.0,0.0,0.0,0.0,0.0,3.0,0.00990099,2.0,4.0,6.0,1.0,1.0,1.0,85.0,98.0,5.0,10.0,0.0,0.0,9.0,0.0,2.0,0.0,67.0,42.0,0.0,10.0,1.0,200.0,237.0,9.0,21.0,4.0,1.0,26.0,0.0,8.0,0.0,142.0,81.0,0.0,24.0,2.0,0.0
0,3,0,0,0.0,0.0,0.0,0.0,0.0,0.0,0.0,0.0,1.0,0.0,0.0,3.0,1.0,22.0,16.0,0.0,3.0,0.0,0.0,0.0,0.0,0.0,4.0,0.0,0.0,0.0,0.0,4.0,6.0,0.0,8.0,11.0,0.0,2.0,0.0,2.0,3.0,0.0,3.0,0.0,3.0,1.0,0.0,3.0,0.0,34.0,41.0,1.0,4.0,1.0,4.0,6.0,0.0,6.0,0.0,7.0,10.0,0.0,7.0,0.0,1.0
0,3,0,0,0.0,0.0,0.0,0.0,0.0,0.0,0.0,0.0,1.0,0.0,0.0,3.0,1.0,24.0,18.0,0.0,3.0,0.0,0.0,0.0,0.0,0.0,4.0,0.0,0.0,0.0,0.0,4.0,6.0,0.0,8.0,11.0,0.0,2.0,0.0,2.0,3.0,0.0,3.0,0.0,3.0,1.0,0.0,3.0,0.0,39.0,48.0,1.0,4.0,1.0,4.0,8.0,0.0,8.0,0.0,9.0,11.0,0.0,9.0,0.0,0.0
0,0,0,0,0.0,0.0,0.0,0.0,0.0,0.0,0.0,0.0,1.0,0.0,0.0,3.0,1.0,24.0,18.0,0.0,3.0,0.0,0.0,0.0,0.0,0.0,4.0,0.0,0.0,0.0,0.0,4.0,6.0,0.0,8.0,11.0,0.0,2.0,0.0,2.0,3.0,0.0,3.0,0.0,3.0,1.0,0.0,3.0,0.0,39.0,48.0,1.0,4.0,1.0,4.0,8.0,0.0,8.0,0.0,9.0,11.0,0.0,9.0,0.0,0.0
1,35,0,0,0.0,0.0,0.0,0.0,0.0,0.0,0.0,0.0,1.0,0.0,0.0,3.0,1.0,24.0,18.0,0.0,3.0,0.0,0.0,0.0,0.0,0.0,4.0,0.0,0.0,0.0,0.0,4.0,6.0,0.0,8.0,11.0,0.0,2.0,0.0,2.0,3.0,0.0,3.0,0.0,3.0,1.0,0.0,3.0,0.0,39.0,48.0,1.0,4.0,1.0,4.0,8.0,0.0,8.0,0.0,9.0,11.0,0.0,9.0,0.0,0.0
0,8,1,0,0.0,0.0,0.0,0.0,0.0,0.0,0.0,0.0,1.0,0.0,0.0,3.0,1.0,24.0,18.0,0.0,3.0,0.0,0.0,0.0,0.0,0.0,4.0,0.0,0.0,0.0,0.0,4.0,6.0,0.0,8.0,11.0,0.0,2.0,0.0,2.0,3.0,0.0,3.0,0.0,3.0,1.0,0.0,3.0,0.0,39.0,48.0,1.0,4.0,1.0,4.0,8.0,0.0,8.0,0.0,9.0,11.0,0.0,9.0,0.0,0.0
0,26,0,0,0.0,0.0,0.0,0.0,0.0,0.0,0.0,0.0,1.0,0.0,0.0,3.0,1.0,24.0,18.0,0.0,3.0,0.0,0.0,0.0,0.0,0.0,4.0,0.0,0.0,0.0,0.0,4.0,6.0,0.0,8.0,11.0,0.0,2.0,0.0,2.0,3.0,0.0,3.0,0.0,3.0,1.0,0.0,3.0,0.0,39.0,48.0,1.0,4.0,1.0,4.0,8.0,0.0,8.0,0.0,9.0,11.0,0.0,9.0,0.0,0.0
0,1,0,0,0.0,0.0,0.0,0.0,0.0,0.0,0.0,0.0,1.0,0.0,0.0,3.0,0.0,2.0,3.0,0.0,3.0,0.333333,0.285714,4.0,3.0,1.0,2.0,0.285714,4.0,0.0,0.0,0.0,0.0,0.0,10.0,13.0,0.0,0.0,0.0,0.0,3.0,0.0,2.0,0.0,3.0,2.0,0.0,2.0,0.0,10.0,13.0,0.0,0.0,0.0,0.0,3.0,0.0,2.0,0.0,3.0,2.0,0.0,2.0,0.0,0.0
6,50,2,1,0.0,0.0,0.0,0.0,0.0,0.0,0.0,0.0,7.0,5.0,3.0,60.0,6.0,5.0,6.0,2.0,31.0,0.526316,0.182156,49.0,44.0,10.0,9.0,0.182156,49.0,1.0,1.0,2.0,2.0,1.0,220.0,297.0,5.0,7.0,5.0,7.0,29.0,1.0,18.0,3.0,29.0,113.0,1.0,18.0,3.0,220.0,297.0,5.0,7.0,5.0,7.0,29.0,1.0,18.0,3.0,29.0,113.0,1.0,18.0,3.0,1.0
6,50,2,1,0.0,0.0,0.0,0.0,0.0,0.0,0.0,0.0,7.0,5.0,3.0,61.0,6.0,5.0,6.0,2.0,31.0,0.526316,0.181481,49.0,44.0,10.0,9.0,0.181481,49.0,1.0,1.0,2.0,2.0,1.0,221.0,298.0,5.0,7.0,5.0,7.0,29.0,1.0,18.0,3.0,29.0,113.0,1.0,18.0,3.0,221.0,298.0,5.0,7.0,5.0,7.0,29.0,1.0,18.0,3.0,29.0,113.0,1.0,18.0,3.0,0.0
0,0,0,0,0.0,0.0,0.0,0.0,0.0,0.0,0.0,0.0,7.0,5.0,3.0,61.0,6.0,5.0,6.0,2.0,31.0,0.526316,0.181481,49.0,44.0,10.0,9.0,0.181481,49.0,1.0,1.0,2.0,2.0,1.0,221.0,298.0,5.0,7.0,5.0,7.0,29.0,1.0,18.0,3.0,29.0,113.0,1.0,18.0,3.0,221.0,298.0,5.0,7.0,5.0,7.0,29.0,1.0,18.0,3.0,29.0,113.0,1.0,18.0,3.0,0.0
7,38,0,0,0.0,0.0,0.0,0.0,0.0,0.0,0.0,0.0,7.0,5.0,3.0,61.0,6.0,5.0,6.0,2.0,31.0,0.526316,0.181481,49.0,44.0,10.0,9.0,0.181481,49.0,1.0,1.0,2.0,2.0,1.0,221.0,298.0,5.0,7.0,5.0,7.0,29.0,1.0,18.0,3.0,29.0,113.0,1.0,18.0,3.0,221.0,298.0,5.0,7.0,5.0,7.0,29.0,1.0,18.0,3.0,29.0,113.0,1.0,18.0,3.0,0.0
0,36,1,1,0.0,0.0,0.0,0.0,0.0,0.0,0.0,0.0,7.0,5.0,3.0,61.0,6.0,5.0,6.0,2.0,31.0,0.526316,0.181481,49.0,44.0,10.0,9.0,0.181481,49.0,1.0,1.0,2.0,2.0,1.0,221.0,298.0,5.0,7.0,5.0,7.0,29.0,1.0,18.0,3.0,29.0,113.0,1.0,18.0,3.0,221.0,298.0,5.0,7.0,5.0,7.0,29.0,1.0,18.0,3.0,29.0,113.0,1.0,18.0,3.0,0.0
0,10,0,0,0.0,0.0,0.0,0.0,0.0,0.0,0.0,0.0,7.0,5.0,3.0,61.0,6.0,5.0,6.0,2.0,31.0,0.526316,0.181481,49.0,44.0,10.0,9.0,0.181481,49.0,1.0,1.0,2.0,2.0,1.0,221.0,298.0,5.0,7.0,5.0,7.0,29.0,1.0,18.0,3.0,29.0,113.0,1.0,18.0,3.0,221.0,298.0,5.0,7.0,5.0,7.0,29.0,1.0,18.0,3.0,29.0,113.0,1.0,18.0,3.0,0.0
0,47,1,0,0.0,0.0,0.0,0.0,0.0,0.0,0.0,0.0,7.0,5.0,3.0,61.0,6.0,5.0,6.0,2.0,31.0,0.526316,0.181481,49.0,44.0,10.0,9.0,0.181481,49.0,1.0,1.0,2.0,2.0,1.0,221.0,298.0,5.0,7.0,5.0,7.0,29.0,1.0,18.0,3.0,29.0,113.0,1.0,18.0,3.0,221.0,298.0,5.0,7.0,5.0,7.0,29.0,1.0,18.0,3.0,29.0,113.0,1.0,18.0,3.0,0.0
1,43,2,0,0.0,0.0,0.0,0.0,0.0,0.0,0.0,0.0,1.0,3.0,3.0,47.0,3.0,27.0,48.0,4.0,28.0,0.952381,0.411067,104.0,101.0,20.0,1.0,0.404669,104.0,1.0,1.0,1.0,1.0,1.0,149.0,248.0,2.0,2.0,2.0,2.0,24.0,0.0,20.0,1.0,24.0,76.0,0.0,20.0,1.0,153.0,252.0,3.0,3.0,2.0,2.0,25.0,0.0,20.0,1.0,77.0,77.0,0.0,67.0,3.0,1.0
1,43,2,0,0.0,0.0,0.0,0.0,0.0,0.0,0.0,0.0,1.0,3.0,3.0,50.0,3.0,27.0,50.0,4.0,30.0,0.952381,0.396947,104.0,101.0,20.0,1.0,0.390977,104.0,1.0,1.0,1.0,1.0,1.0,158.0,259.0,2.0,2.0,2.0,2.0,26.0,0.0,20.0,1.0,26.0,80.0,0.0,20.0,1.0,162.0,263.0,3.0,3.0,2.0,2.0,27.0,0.0,20.0,1.0,79.0,81.0,0.0,67.0,3.0,0.0
1,16,0,0,0.0,0.0,0.0,0.0,0.0,0.0,0.0,0.0,1.0,3.0,3.0,50.0,3.0,27.0,50.0,4.0,30.0,0.952381,0.396947,104.0,101.0,20.0,1.0,0.390977,104.0,1.0,1.0,1.0,1.0,1.0,158.0,259.0,2.0,2.0,2.0,2.0,26.0,0.0,20.0,1.0,26.0,80.0,0.0,20.0,1.0,162.0,263.0,3.0,3.0,2.0,2.0,27.0,0.0,20.0,1.0,79.0,81.0,0.0,67.0,3.0,0.0
0,0,0,0,0.0,0.0,0.0,0.0,0.0,0.0,0.0,0.0,1.0,3.0,3.0,50.0,3.0,27.0,50.0,4.0,30.0,0.952381,0.396947,104.0,101.0,20.0,1.0,0.390977,104.0,1.0,1.0,1.0,1.0,1.0,158.0,259.0,2.0,2.0,2.0,2.0,26.0,0.0,20.0,1.0,26.0,80.0,0.0,20.0,1.0,162.0,263.0,3.0,3.0,2.0,2.0,27.0,0.0,20.0,1.0,79.0,81.0,0.0,67.0,3.0,0.0
0,7,0,0,0.0,0.0,0.0,0.0,0.0,0.0,0.0,0.0,1.0,3.0,3.0,50.0,3.0,27.0,50.0,4.0,30.0,0.952381,0.396947,104.0,101.0,20.0,1.0,0.390977,104.0,1.0,1.0,1.0,1.0,1.0,158.0,259.0,2.0,2.0,2.0,2.0,26.0,0.0,20.0,1.0,26.0,80.0,0.0,20.0,1.0,162.0,263.0,3.0,3.0,2.0,2.0,27.0,0.0,20.0,1.0,79.0,81.0,0.0,67.0,3.0,0.0
0,2,0,0,0.0,0.0,0.0,0.0,0.0,0.0,0.0,0.0,1.0,3.0,3.0,50.0,3.0,27.0,50.0,4.0,30.0,0.952381,0.396947,104.0,101.0,20.0,1.0,0.390977,104.0,1.0,1.0,1.0,1.0,1.0,158.0,259.0,2.0,2.0,2.0,2.0,26.0,0.0,20.0,1.0,26.0,80.0,0.0,20.0,1.0,162.0,263.0,3.0,3.0,2.0,2.0,27.0,0.0,20.0,1.0,79.0,81.0,0.0,67.0,3.0,0.0
0,16,0,0,0.0,0.0,0.0,0.0,0.0,0.0,0.0,0.0,1.0,3.0,3.0,50.0,3.0,27.0,50.0,4.0,30.0,0.952381,0.396947,104.0,101.0,20.0,1.0,0.390977,104.0,1.0,1.0,1.0,1.0,1.0,158.0,259.0,2.0,2.0,2.0,2.0,26.0,0.0,20.0,1.0,26.0,80.0,0.0,20.0,1.0,162.0,263.0,3.0,3.0,2.0,2.0,27.0,0.0,20.0,1.0,79.0,81.0,0.0,67.0,3.0,0.0
0,24,0,0,0.0,0.0,0.0,0.0,0.0,0.0,0.0,0.0,1.0,3.0,3.0,50.0,3.0,27.0,50.0,4.0,30.0,0.952381,0.396947,104.0,101.0,20.0,1.0,0.390977,104.0,1.0,1.0,1.0,1.0,1.0,158.0,259.0,2.0,2.0,2.0,2.0,26.0,0.0,20.0,1.0,26.0,80.0,0.0,20.0,1.0,162.0,263.0,3.0,3.0,2.0,2.0,27.0,0.0,20.0,1.0,79.0,81.0,0.0,67.0,3.0,0.0
0,1,0,0,0.0,0.0,0.0,0.0,0.0,0.0,0.0,0.0,1.0,3.0,3.0,50.0,3.0,27.0,50.0,4.0,30.0,0.952381,0.396947,104.0,101.0,20.0,1.0,0.390977,104.0,1.0,1.0,1.0,1.0,1.0,158.0,259.0,2.0,2.0,2.0,2.0,26.0,0.0,20.0,1.0,26.0,80.0,0.0,20.0,1.0,162.0,263.0,3.0,3.0,2.0,2.0,27.0,0.0,20.0,1.0,79.0,81.0,0.0,67.0,3.0,0.0
0,15,0,0,0.0,0.0,0.0,0.0,0.0,0.0,0.0,0.0,1.0,3.0,3.0,50.0,3.0,27.0,50.0,4.0,30.0,0.952381,0.396947,104.0,101.0,20.0,1.0,0.390977,104.0,1.0,1.0,1.0,1.0,1.0,158.0,259.0,2.0,2.0,2.0,2.0,26.0,0.0,20.0,1.0,26.0,80.0,0.0,20.0,1.0,162.0,263.0,3.0,3.0,2.0,2.0,27.0,0.0,20.0,1.0,79.0,81.0,0.0,67.0,3.0,0.0
0,4,0,0,0.0,0.0,0.0,0.0,0.0,0.0,0.0,0.0,1.0,3.0,3.0,50.0,3.0,27.0,50.0,4.0,30.0,0.952381,0.396947,104.0,101.0,20.0,1.0,0.390977,104.0,1.0,1.0,1.0,1.0,1.0,158.0,259.0,2.0,2.0,2.0,2.0,26.0,0.0,20.0,1.0,26.0,80.0,0.0,20.0,1.0,162.0,263.0,3.0,3.0,2.0,2.0,27.0,0.0,20.0,1.0,79.0,81.0,0.0,67.0,3.0,0.0
0,3,0,0,0.0,0.0,0.0,0.0,0.0,0.0,0.0,0.0,1.0,3.0,3.0,50.0,3.0,27.0,50.0,4.0,30.0,0.952381,0.396947,104.0,101.0,20.0,1.0,0.390977,104.0,1.0,1.0,1.0,1.0,1.0,158.0,259.0,2.0,2.0,2.0,2.0,26.0,0.0,20.0,1.0,26.0,80.0,0.0,20.0,1.0,162.0,263.0,3.0,3.0,2.0,2.0,27.0,0.0,20.0,1.0,79.0,81.0,0.0,67.0,3.0,0.0
0,46,0,0,0.0,0.0,0.0,0.0,0.0,0.0,0.0,0.0,1.0,3.0,3.0,50.0,3.0,27.0,50.0,4.0,30.0,0.952381,0.396947,104.0,101.0,20.0,1.0,0.390977,104.0,1.0,1.0,1.0,1.0,1.0,158.0,259.0,2.0,2.0,2.0,2.0,26.0,0.0,20.0,1.0,26.0,80.0,0.0,20.0,1.0,162.0,263.0,3.0,3.0,2.0,2.0,27.0,0.0,20.0,1.0,79.0,81.0,0.0,67.0,3.0,0.0
0,12,0,0,0.0,0.0,0.0,0.0,0.0,0.0,0.0,0.0,1.0,3.0,3.0,50.0,3.0,27.0,50.0,4.0,30.0,0.952381,0.396947,104.0,101.0,20.0,1.0,0.390977,104.0,1.0,1.0,1.0,1.0,1.0,158.0,259.0,2.0,2.0,2.0,2.0,26.0,0.0,20.0,1.0,26.0,80.0,0.0,20.0,1.0,162.0,263.0,3.0,3.0,2.0,2.0,27.0,0.0,20.0,1.0,79.0,81.0,0.0,67.0,3.0,0.0
0,5,0,0,0.0,0.0,0.0,0.0,0.0,0.0,0.0,0.0,1.0,3.0,3.0,50.0,3.0,27.0,50.0,4.0,30.0,0.952381,0.396947,104.0,101.0,20.0,1.0,0.390977,104.0,1.0,1.0,1.0,1.0,1.0,158.0,259.0,2.0,2.0,2.0,2.0,26.0,0.0,20.0,1.0,26.0,80.0,0.0,20.0,1.0,162.0,263.0,3.0,3.0,2.0,2.0,27.0,0.0,20.0,1.0,79.0,81.0,0.0,67.0,3.0,0.0
0,31,0,0,0.0,0.0,0.0,0.0,0.0,0.0,0.0,0.0,1.0,3.0,3.0,50.0,3.0,27.0,50.0,4.0,30.0,0.952381,0.396947,104.0,101.0,20.0,1.0,0.390977,104.0,1.0,1.0,1.0,1.0,1.0,158.0,259.0,2.0,2.0,2.0,2.0,26.0,0.0,20.0,1.0,26.0,80.0,0.0,20.0,1.0,162.0,263.0,3.0,3.0,2.0,2.0,27.0,0.0,20.0,1.0,79.0,81.0,0.0,67.0,3.0,0.0
0,11,0,0,0.0,0.0,0.0,0.0,0.0,0.0,0.0,0.0,1.0,3.0,3.0,50.0,3.0,27.0,50.0,4.0,30.0,0.952381,0.396947,104.0,101.0,20.0,1.0,0.390977,104.0,1.0,1.0,1.0,1.0,1.0,158.0,259.0,2.0,2.0,2.0,2.0,26.0,0.0,20.0,1.0,26.0,80.0,0.0,20.0,1.0,162.0,263.0,3.0,3.0,2.0,2.0,27.0,0.0,20.0,1.0,79.0,81.0,0.0,67.0,3.0,0.0
0,10,0,0,0.0,0.0,0.0,0.0,0.0,0.0,0.0,0.0,1.0,3.0,3.0,50.0,3.0,27.0,50.0,4.0,30.0,0.952381,0.396947,104.0,101.0,20.0,1.0,0.390977,104.0,1.0,1.0,1.0,1.0,1.0,158.0,259.0,2.0,2.0,2.0,2.0,26.0,0.0,20.0,1.0,26.0,80.0,0.0,20.0,1.0,162.0,263.0,3.0,3.0,2.0,2.0,27.0,0.0,20.0,1.0,79.0,81.0,0.0,67.0,3.0,0.0
0,5,0,0,0.0,0.0,0.0,0.0,0.0,0.0,0.0,0.0,3.0,0.0,0.0,3.0,9.0,1.0,0.0,6.0,9.0,0.0,0.0,0.0,0.0,0.0,4.0,0.0,0.0,0.0,0.0,0.0,0.0,0.0,19.0,27.0,1.0,0.0,1.0,0.0,3.0,1.0,3.0,0.0,3.0,5.0,1.0,3.0,0.0,72.0,91.0,4.0,0.0,4.0,0.0,16.0,3.0,16.0,0.0,16.0,5.0,3.0,16.0,0.0,2.0
0,5,0,0,0.0,0.0,0.0,0.0,0.0,0.0,0.0,0.0,2.0,0.0,0.0,2.0,6.0,1.0,0.0,3.0,5.0,0.0,0.0,0.0,0.0,0.0,3.0,0.0,0.0,0.0,0.0,0.0,0.0,0.0,11.0,16.0,0.0,0.0,0.0,0.0,2.0,0.0,2.0,0.0,2.0,2.0,0.0,2.0,0.0,57.0,72.0,2.0,0.0,2.0,0.0,14.0,2.0,14.0,0.0,14.0,2.0,2.0,14.0,0.0,1.0
0,5,0,0,0.0,0.0,0.0,0.0,0.0,0.0,0.0,0.0,5.0,0.0,0.0,5.0,11.0,1.0,0.0,4.0,9.0,0.0,0.0,0.0,0.0,0.0,6.0,0.0,0.0,0.0,0.0,0.0,0.0,0.0,30.0,41.0,0.0,0.0,0.0,0.0,5.0,0.0,5.0,0.0,5.0,5.0,0.0,5.0,0.0,86.0,107.0,2.0,0.0,2.0,0.0,17.0,2.0,17.0,0.0,17.0,5.0,2.0,17.0,0.0,0.0
0,3,0,0,0.0,0.0,0.0,0.0,0.0,0.0,0.0,0.0,2.0,0.0,0.0,2.0,6.0,1.0,0.0,3.0,5.0,0.0,0.0,0.0,0.0,0.0,3.0,0.0,0.0,0.0,0.0,0.0,0.0,0.0,11.0,16.0,0.0,0.0,0.0,0.0,2.0,0.0,2.0,0.0,2.0,2.0,0.0,2.0,0.0,57.0,72.0,2.0,0.0,2.0,0.0,14.0,2.0,14.0,0.0,14.0,2.0,2.0,14.0,0.0,1.0
0,19,0,0,0.0,0.0,0.0,0.0,0.0,0.0,0.0,0.0,3.0,0.0,0.0,4.0,16.0,3.0,0.0,15.0,19.0,0.0,0.0,0.0,0.0,0.0,4.0,0.0,0.0,0.0,0.0,0.0,0.0,0.0,35.0,44.0,1.0,0.0,1.0,0.0,4.0,1.0,3.0,0.0,4.0,18.0,1.0,3.0,0.0,92.0,110.0,5.0,0.0,3.0,0.0,17.0,1.0,16.0,0.0,25.0,29.0,2.0,20.0,0.0,1.0
0,19,0,0,0.0,0.0,0.0,0.0,0.0,0.0,0.0,0.0,3.0,0.0,0.0,7.0,17.0,3.0,0.0,14.0,21.0,0.0,0.0192308,1.0,0.0,0.0,6.0,0.0186916,2.0,0.0,0.0,0.0,0.0,0.0,51.0,63.0,1.0,0.0,1.0,0.0,7.0,1.0,5.0,0.0,7.0,21.0,1.0,5.0,0.0,105.0,125.0,3.0,0.0,2.0,0.0,20.0,1.0,18.0,0.0,23.0,32.0,2.0,21.0,0.0,1.0
0,19,0,0,0.0,0.0,0.0,0.0,0.0,0.0,0.0,0.0,2.0,0.0,0.0,3.0,14.0,3.0,0.0,13.0,16.0,0.0,0.0,0.0,0.0,0.0,3.0,0.0,0.0,0.0,0.0,0.0,0.0,0.0,27.0,34.0,1.0,0.0,1.0,0.0,3.0,1.0,2.0,0.0,3.0,13.0,1.0,2.0,0.0,77.0,92.0,4.0,0.0,2.0,0.0,15.0,1.0,14.0,0.0,23.0,24.0,2.0,18.0,0.0,2.0
0,19,0,0,0.0,0.0,0.0,0.0,0.0,0.0,0.0,0.0,3.0,0.0,0.0,6.0,17.0,3.0,0.0,15.0,21.0,0.0,0.0217391,1.0,0.0,0.0,5.0,0.0104167,1.0,0.0,0.0,0.0,0.0,0.0,45.0,56.0,1.0,0.0,1.0,0.0,6.0,1.0,4.0,0.0,6.0,20.0,1.0,4.0,0.0,95.0,114.0,4.0,0.0,2.0,0.0,18.0,1.0,16.0,0.0,26.0,31.0,2.0,20.0,0.0,0.0
0,19,0,0,0.0,0.0,0.0,0.0,0.0,0.0,0.0,0.0,4.0,0.0,0.0,11.0,21.0,3.0,0.0,15.0,26.0,0.0,0.0114943,1.0,0.0,0.0,9.0,0.01,2.0,0.0,0.0,0.0,0.0,0.0,86.0,106.0,1.0,0.0,1.0,0.0,11.0,1.0,8.0,0.0,11.0,45.0,1.0,8.0,0.0,198.0,236.0,8.0,0.0,7.0,0.0,37.0,1.0,34.0,0.0,47.0,65.0,2.0,44.0,0.0,0.0
3,80,0,0,0.0,0.0,0.0,0.0,0.0,0.0,0.0,0.0,10.0,0.0,0.0,10.0,19.0,3.0,0.0,19.0,29.0,0.0,0.0,0.0,0.0,0.0,11.0,0.0,0.0,0.0,0.0,0.0,0.0,0.0,63.0,80.0,1.0,0.0,1.0,0.0,10.0,0.0,10.0,0.0,10.0,23.0,0.0,10.0,0.0,158.0,192.0,3.0,0.0,3.0,0.0,30.0,0.0,27.0,0.0,30.0,38.0,0.0,27.0,0.0,1.0
3,80,0,0,0.0,0.0,0.0,0.0,0.0,0.0,0.0,0.0,11.0,0.0,0.0,11.0,20.0,3.0,0.0,19.0,30.0,0.0,0.0,0.0,0.0,0.0,12.0,0.0,0.0,0.0,0.0,0.0,0.0,0.0,67.0,86.0,1.0,0.0,1.0,0.0,11.0,0.0,11.0,0.0,11.0,23.0,0.0,11.0,0.0,172.0,209.0,3.0,0.0,3.0,0.0,33.0,0.0,30.0,0.0,33.0,39.0,0.0,30.0,0.0,0.0
2,32,0,0,0.0,0.0,0.0,0.0,0.0,0.0,0.0,0.0,3.0,1.0,1.0,6.0,14.0,1.0,0.0,16.0,21.0,0.0,0.0,0.0,0.0,0.0,5.0,0.0105263,1.0,0.0,0.0,0.0,0.0,0.0,52.0,63.0,0.0,0.0,0.0,0.0,5.0,0.0,4.0,0.0,5.0,32.0,0.0,4.0,0.0,94.0,110.0,2.0,1.0,1.0,1.0,11.0,0.0,10.0,0.0,17.0,43.0,1.0,16.0,0.0,0.0
2,32,0,0,0.172949,1.0,4.0,2.0,0.161972,0.190083,23.0,23.0,3.0,1.0,1.0,8.0,15.0,1.0,0.0,16.0,22.0,0.0,0.0,0.0,0.0,0.0,6.0,0.00819672,1.0,0.0,0.0,0.0,0.0,0.0,64.0,78.0,0.0,0.0,0.0,0.0,6.0,0.0,5.0,0.0,6.0,38.0,0.0,5.0,0.0,121.0,142.0,8.0,9.0,1.0,2.0,14.0,0.0,12.0,0.0,57.0,51.0,1.0,28.0,1.0,0.0
0,3,0,0,0.172949,1.0,4.0,2.0,0.161972,0.190083,23.0,23.0,3.0,1.0,1.0,8.0,15.0,1.0,0.0,16.0,22.0,0.0,0.0,0.0,0.0,0.0,6.0,0.00819672,1.0,0.0,0.0,0.0,0.0,0.0,64.0,78.0,0.0,0.0,0.0,0.0,6.0,0.0,5.0,0.0,6.0,38.0,0.0,5.0,0.0,121.0,142.0,8.0,9.0,1.0,2.0,14.0,0.0,12.0,0.0,57.0,51.0,1.0,28.0,1.0,0.0
1,4,0,0,0.0,0.0,0.0,0.0,0.0,0.0,0.0,0.0,1.0,1.0,1.0,2.0,6.0,1.0,0.0,4.0,5.0,0.0,0.0,0.0,0.0,0.0,2.0,0.0,0.0,0.0,0.0,0.0,0.0,0.0,15.0,16.0,0.0,0.0,0.0,0.0,1.0,0.0,1.0,0.0,1.0,5.0,0.0,1.0,0.0,22.0,23.0,0.0,0.0,0.0,0.0,2.0,0.0,2.0,0.0,2.0,5.0,0.0,2.0,0.0,0.0
1,4,0,0,0.0,0.0,0.0,0.0,0.0,0.0,0.0,0.0,2.0,1.0,1.0,3.0,9.0,3.0,0.0,7.0,9.0,0.0,0.0,0.0,0.0,0.0,3.0,0.0,0.0,0.0,0.0,0.0,0.0,0.0,25.0,29.0,1.0,0.0,1.0,0.0,2.0,0.0,2.0,0.0,2.0,10.0,0.0,2.0,0.0,49.0,55.0,1.0,0.0,1.0,0.0,7.0,0.0,7.0,0.0,16.0,14.0,0.0,16.0,0.0,0.0
0,51,0,0,0.0,0.0,0.0,0.0,0.0,0.0,0.0,0.0,1.0,1.0,1.0,2.0,6.0,1.0,0.0,4.0,5.0,0.0,0.0,0.0,0.0,0.0,2.0,0.0,0.0,0.0,0.0,0.0,0.0,0.0,15.0,16.0,0.0,0.0,0.0,0.0,1.0,0.0,1.0,0.0,1.0,5.0,0.0,1.0,0.0,22.0,23.0,0.0,0.0,0.0,0.0,2.0,0.0,2.0,0.0,2.0,5.0,0.0,2.0,0.0,0.0
0,18,0,0,0.0,0.0,0.0,0.0,0.0,0.0,0.0,0.0,4.0,0.0,0.0,4.0,9.0,1.0,0.0,9.0,13.0,0.0,0.0,0.0,0.0,0.0,5.0,0.0,0.0,0.0,0.0,0.0,0.0,0.0,28.0,36.0,0.0,0.0,0.0,0.0,4.0,0.0,4.0,0.0,4.0,14.0,0.0,4.0,0.0,51.0,59.0,0.0,0.0,0.0,0.0,8.0,0.0,8.0,0.0,8.0,17.0,0.0,8.0,0.0,1.0
0,18,0,0,0.0,0.0,0.0,0.0,0.0,0.0,0.0,0.0,5.0,0.0,0.0,5.0,10.0,1.0,0.0,9.0,14.0,0.0,0.0,0.0,0.0,0.0,6.0,0.0,0.0,0.0,0.0,0.0,0.0,0.0,32.0,42.0,0.0,0.0,0.0,0.0,5.0,0.0,5.0,0.0,5.0,15.0,0.0,5.0,0.0,61.0,71.0,0.0,0.0,0.0,0.0,10.0,0.0,10.0,0.0,10.0,19.0,0.0,10.0,0.0,0.0
0,79,0,0,0.0,0.0,0.0,0.0,0.0,0.0,0.0,0.0,5.0,0.0,0.0,5.0,10.0,1.0,0.0,9.0,14.0,0.0,0.0,0.0,0.0,0.0,6.0,0.0,0.0,0.0,0.0,0.0,0.0,0.0,32.0,42.0,0.0,0.0,0.0,0.0,5.0,0.0,5.0,0.0,5.0,15.0,0.0,5.0,0.0,61.0,71.0,0.0,0.0,0.0,0.0,10.0,0.0,10.0,0.0,10.0,19.0,0.0,10.0,0.0,0.0
0,13,0,0,0.0,0.0,0.0,0.0,0.0,0.0,0.0,0.0,5.0,0.0,0.0,5.0,10.0,1.0,0.0,9.0,14.0,0.0,0.0,0.0,0.0,0.0,6.0,0.0,0.0,0.0,0.0,0.0,0.0,0.0,32.0,42.0,0.0,0.0,0.0,0.0,5.0,0.0,5.0,0.0,5.0,15.0,0.0,5.0,0.0,61.0,71.0,0.0,0.0,0.0,0.0,10.0,0.0,10.0,0.0,10.0,19.0,0.0,10.0,0.0,0.0
0,4,0,0,0.0,0.0,0.0,0.0,0.0,0.0,0.0,0.0,5.0,0.0,0.0,5.0,10.0,1.0,0.0,9.0,14.0,0.0,0.0,0.0,0.0,0.0,6.0,0.0,0.0,0.0,0.0,0.0,0.0,0.0,32.0,42.0,0.0,0.0,0.0,0.0,5.0,0.0,5.0,0.0,5.0,15.0,0.0,5.0,0.0,61.0,71.0,0.0,0.0,0.0,0.0,10.0,0.0,10.0,0.0,10.0,19.0,0.0,10.0,0.0,0.0
0,39,8,0,0.0,0.0,0.0,0.0,0.0,0.0,0.0,0.0,65.0,1.0,1.0,91.0,4.0,1.0,0.0,25.0,90.0,0.030303,0.0253165,10.0,8.0,2.0,64.0,0.0253165,10.0,0.0,0.0,0.0,0.0,0.0,385.0,464.0,0.0,0.0,0.0,0.0,65.0,0.0,65.0,0.0,65.0,186.0,0.0,65.0,0.0,385.0,464.0,0.0,0.0,0.0,0.0,65.0,0.0,65.0,0.0,65.0,186.0,0.0,65.0,0.0,1.0
0,39,8,0,0.0,0.0,0.0,0.0,0.0,0.0,0.0,0.0,76.0,1.0,1.0,107.0,4.0,1.0,0.0,29.0,105.0,0.025974,0.0209644,10.0,8.0,2.0,75.0,0.0209644,10.0,0.0,0.0,0.0,0.0,0.0,467.0,562.0,0.0,0.0,0.0,0.0,76.0,0.0,76.0,0.0,76.0,227.0,0.0,76.0,0.0,467.0,562.0,0.0,0.0,0.0,0.0,76.0,0.0,76.0,0.0,76.0,227.0,0.0,76.0,0.0,0.0
0,14,0,0,0.0,0.0,0.0,0.0,0.0,0.0,0.0,0.0,76.0,1.0,1.0,107.0,4.0,1.0,0.0,29.0,105.0,0.025974,0.0209644,10.0,8.0,2.0,75.0,0.0209644,10.0,0.0,0.0,0.0,0.0,0.0,467.0,562.0,0.0,0.0,0.0,0.0,76.0,0.0,76.0,0.0,76.0,227.0,0.0,76.0,0.0,467.0,562.0,0.0,0.0,0.0,0.0,76.0,0.0,76.0,0.0,76.0,227.0,0.0,76.0,0.0,0.0
0,7,0,0,0.0,0.0,0.0,0.0,0.0,0.0,0.0,0.0,76.0,1.0,1.0,107.0,4.0,1.0,0.0,29.0,105.0,0.025974,0.0209644,10.0,8.0,2.0,75.0,0.0209644,10.0,0.0,0.0,0.0,0.0,0.0,467.0,562.0,0.0,0.0,0.0,0.0,76.0,0.0,76.0,0.0,76.0,227.0,0.0,76.0,0.0,467.0,562.0,0.0,0.0,0.0,0.0,76.0,0.0,76.0,0.0,76.0,227.0,0.0,76.0,0.0,0.0
0,3,0,0,0.0,0.0,0.0,0.0,0.0,0.0,0.0,0.0,76.0,1.0,1.0,107.0,4.0,1.0,0.0,29.0,105.0,0.025974,0.0209644,10.0,8.0,2.0,75.0,0.0209644,10.0,0.0,0.0,0.0,0.0,0.0,467.0,562.0,0.0,0.0,0.0,0.0,76.0,0.0,76.0,0.0,76.0,227.0,0.0,76.0,0.0,467.0,562.0,0.0,0.0,0.0,0.0,76.0,0.0,76.0,0.0,76.0,227.0,0.0,76.0,0.0,0.0
0,5,0,0,0.0,0.0,0.0,0.0,0.0,0.0,0.0,0.0,76.0,1.0,1.0,107.0,4.0,1.0,0.0,29.0,105.0,0.025974,0.0209644,10.0,8.0,2.0,75.0,0.0209644,10.0,0.0,0.0,0.0,0.0,0.0,467.0,562.0,0.0,0.0,0.0,0.0,76.0,0.0,76.0,0.0,76.0,227.0,0.0,76.0,0.0,467.0,562.0,0.0,0.0,0.0,0.0,76.0,0.0,76.0,0.0,76.0,227.0,0.0,76.0,0.0,0.0
0,10,0,0,0.0,0.0,0.0,0.0,0.0,0.0,0.0,0.0,3.0,0.0,0.0,3.0,9.0,2.0,0.0,8.0,11.0,0.0,0.0357143,1.0,0.0,0.0,4.0,0.0227273,1.0,0.0,0.0,0.0,0.0,0.0,27.0,36.0,1.0,0.0,1.0,0.0,3.0,0.0,3.0,0.0,3.0,18.0,0.0,3.0,0.0,43.0,52.0,1.0,0.0,1.0,0.0,6.0,0.0,6.0,0.0,21.0,21.0,0.0,21.0,0.0,1.0
0,10,0,0,0.0,0.0,0.0,0.0,0.0,0.0,0.0,0.0,3.0,0.0,0.0,3.0,9.0,2.0,0.0,8.0,11.0,0.0,0.0,0.0,0.0,0.0,4.0,0.0,0.0,0.0,0.0,0.0,0.0,0.0,25.0,33.0,1.0,0.0,1.0,0.0,3.0,0.0,3.0,0.0,3.0,15.0,0.0,3.0,0.0,41.0,49.0,1.0,0.0,1.0,0.0,6.0,0.0,6.0,0.0,21.0,18.0,0.0,21.0,0.0,0.0
0,18,0,0,0.0,0.0,0.0,0.0,0.0,0.0,0.0,0.0,3.0,0.0,0.0,3.0,9.0,2.0,0.0,8.0,11.0,0.0,0.0,0.0,0.0,0.0,4.0,0.0,0.0,0.0,0.0,0.0,0.0,0.0,25.0,33.0,1.0,0.0,1.0,0.0,3.0,0.0,3.0,0.0,3.0,15.0,0.0,3.0,0.0,41.0,49.0,1.0,0.0,1.0,0.0,6.0,0.0,6.0,0.0,21.0,18.0,0.0,21.0,0.0,0.0
0,6,0,0,0.0,0.0,0.0,0.0,0.0,0.0,0.0,0.0,3.0,0.0,0.0,3.0,9.0,2.0,0.0,8.0,11.0,0.0,0.0,0.0,0.0,0.0,4.0,0.0,0.0,0.0,0.0,0.0,0.0,0.0,25.0,33.0,1.0,0.0,1.0,0.0,3.0,0.0,3.0,0.0,3.0,15.0,0.0,3.0,0.0,41.0,49.0,1.0,0.0,1.0,0.0,6.0,0.0,6.0,0.0,21.0,18.0,0.0,21.0,0.0,0.0
0,0,0,0,0.0,0.0,0.0,0.0,0.0,0.0,0.0,0.0,3.0,0.0,0.0,3.0,9.0,2.0,0.0,8.0,11.0,0.0,0.0,0.0,0.0,0.0,4.0,0.0,0.0,0.0,0.0,0.0,0.0,0.0,25.0,33.0,1.0,0.0,1.0,0.0,3.0,0.0,3.0,0.0,3.0,15.0,0.0,3.0,0.0,41.0,49.0,1.0,0.0,1.0,0.0,6.0,0.0,6.0,0.0,21.0,18.0,0.0,21.0,0.0,0.0
0,9,0,0,0.0,0.0,0.0,0.0,0.0,0.0,0.0,0.0,3.0,0.0,0.0,3.0,9.0,2.0,0.0,8.0,11.0,0.0,0.0,0.0,0.0,0.0,4.0,0.0,0.0,0.0,0.0,0.0,0.0,0.0,25.0,33.0,1.0,0.0,1.0,0.0,3.0,0.0,3.0,0.0,3.0,15.0,0.0,3.0,0.0,41.0,49.0,1.0,0.0,1.0,0.0,6.0,0.0,6.0,0.0,21.0,18.0,0.0,21.0,0.0,0.0
0,5,0,0,0.0,0.0,0.0,0.0,0.0,0.0,0.0,0.0,3.0,0.0,0.0,3.0,9.0,2.0,0.0,8.0,11.0,0.0,0.0,0.0,0.0,0.0,4.0,0.0,0.0,0.0,0.0,0.0,0.0,0.0,25.0,33.0,1.0,0.0,1.0,0.0,3.0,0.0,3.0,0.0,3.0,15.0,0.0,3.0,0.0,41.0,49.0,1.0,0.0,1.0,0.0,6.0,0.0,6.0,0.0,21.0,18.0,0.0,21.0,0.0,0.0
0,8,0,0,0.0,0.0,0.0,0.0,0.0,0.0,0.0,0.0,3.0,0.0,0.0,3.0,9.0,2.0,0.0,8.0,11.0,0.0,0.0,0.0,0.0,0.0,4.0,0.0,0.0,0.0,0.0,0.0,0.0,0.0,25.0,33.0,1.0,0.0,1.0,0.0,3.0,0.0,3.0,0.0,3.0,15.0,0.0,3.0,0.0,41.0,49.0,1.0,0.0,1.0,0.0,6.0,0.0,6.0,0.0,21.0,18.0,0.0,21.0,0.0,0.0
0,14,0,0,0.0,0.0,0.0,0.0,0.0,0.0,0.0,0.0,3.0,0.0,0.0,3.0,9.0,2.0,0.0,8.0,11.0,0.0,0.0,0.0,0.0,0.0,4.0,0.0,0.0,0.0,0.0,0.0,0.0,0.0,25.0,33.0,1.0,0.0,1.0,0.0,3.0,0.0,3.0,0.0,3.0,15.0,0.0,3.0,0.0,41.0,49.0,1.0,0.0,1.0,0.0,6.0,0.0,6.0,0.0,21.0,18.0,0.0,21.0,0.0,0.0
0,13,0,0,0.0,0.0,0.0,0.0,0.0,0.0,0.0,0.0,3.0,0.0,0.0,3.0,9.0,2.0,0.0,8.0,11.0,0.0,0.0,0.0,0.0,0.0,4.0,0.0,0.0,0.0,0.0,0.0,0.0,0.0,25.0,33.0,1.0,0.0,1.0,0.0,3.0,0.0,3.0,0.0,3.0,15.0,0.0,3.0,0.0,41.0,49.0,1.0,0.0,1.0,0.0,6.0,0.0,6.0,0.0,21.0,18.0,0.0,21.0,0.0,0.0
7,97,0,0,0.0,0.0,0.0,0.0,0.0,0.0,0.0,0.0,3.0,0.0,0.0,3.0,9.0,2.0,0.0,8.0,11.0,0.0,0.0,0.0,0.0,0.0,4.0,0.0,0.0,0.0,0.0,0.0,0.0,0.0,25.0,33.0,1.0,0.0,1.0,0.0,3.0,0.0,3.0,0.0,3.0,15.0,0.0,3.0,0.0,41.0,49.0,1.0,0.0,1.0,0.0,6.0,0.0,6.0,0.0,21.0,18.0,0.0,21.0,0.0,0.0
0,64,1,0,0.0,0.0,0.0,0.0,0.0,0.0,0.0,0.0,3.0,0.0,0.0,3.0,9.0,2.0,0.0,8.0,11.0,0.0,0.0,0.0,0.0,0.0,4.0,0.0,0.0,0.0,0.0,0.0,0.0,0.0,25.0,33.0,1.0,0.0,1.0,0.0,3.0,0.0,3.0,0.0,3.0,15.0,0.0,3.0,0.0,41.0,49.0,1.0,0.0,1.0,0.0,6.0,0.0,6.0,0.0,21.0,18.0,0.0,21.0,0.0,0.0
1,9,0,0,0.0,0.0,0.0,0.0,0.0,0.0,0.0,0.0,3.0,0.0,0.0,3.0,9.0,2.0,0.0,8.0,11.0,0.0,0.0,0.0,0.0,0.0,4.0,0.0,0.0,0.0,0.0,0.0,0.0,0.0,25.0,33.0,1.0,0.0,1.0,0.0,3.0,0.0,3.0,0.0,3.0,15.0,0.0,3.0,0.0,41.0,49.0,1.0,0.0,1.0,0.0,6.0,0.0,6.0,0.0,21.0,18.0,0.0,21.0,0.0,0.0
2,68,0,0,0.0,0.0,0.0,0.0,0.0,0.0,0.0,0.0,11.0,0.0,0.0,12.0,19.0,4.0,0.0,11.0,23.0,0.0,0.0,0.0,0.0,0.0,13.0,0.0,0.0,0.0,0.0,0.0,0.0,0.0,67.0,96.0,3.0,0.0,3.0,0.0,12.0,0.0,12.0,0.0,12.0,27.0,0.0,12.0,0.0,223.0,277.0,18.0,0.0,18.0,0.0,39.0,12.0,33.0,0.0,56.0,53.0,12.0,38.0,0.0,0.0
2,68,0,0,0.0,0.0,0.0,0.0,0.0,0.0,0.0,0.0,11.0,0.0,0.0,12.0,19.0,4.0,0.0,11.0,23.0,0.0,0.0,0.0,0.0,0.0,13.0,0.0,0.0,0.0,0.0,0.0,0.0,0.0,68.0,97.0,3.0,0.0,3.0,0.0,12.0,0.0,12.0,0.0,12.0,27.0,0.0,12.0,0.0,213.0,265.0,18.0,0.0,18.0,0.0,36.0,12.0,33.0,0.0,48.0,50.0,12.0,37.0,0.0,0.0
0,5,0,0,0.0,0.0,0.0,0.0,0.0,0.0,0.0,0.0,11.0,0.0,0.0,12.0,19.0,4.0,0.0,11.0,23.0,0.0,0.0,0.0,0.0,0.0,13.0,0.0,0.0,0.0,0.0,0.0,0.0,0.0,68.0,97.0,3.0,0.0,3.0,0.0,12.0,0.0,12.0,0.0,12.0,27.0,0.0,12.0,0.0,213.0,265.0,18.0,0.0,18.0,0.0,36.0,12.0,33.0,0.0,48.0,50.0,12.0,37.0,0.0,0.0
0,4,0,0,0.0,0.0,0.0,0.0,0.0,0.0,0.0,0.0,11.0,0.0,0.0,12.0,19.0,4.0,0.0,11.0,23.0,0.0,0.0,0.0,0.0,0.0,13.0,0.0,0.0,0.0,0.0,0.0,0.0,0.0,68.0,97.0,3.0,0.0,3.0,0.0,12.0,0.0,12.0,0.0,12.0,27.0,0.0,12.0,0.0,213.0,265.0,18.0,0.0,18.0,0.0,36.0,12.0,33.0,0.0,48.0,50.0,12.0,37.0,0.0,0.0
0,20,0,0,0.0,0.0,0.0,0.0,0.0,0.0,0.0,0.0,11.0,0.0,0.0,12.0,19.0,4.0,0.0,11.0,23.0,0.0,0.0,0.0,0.0,0.0,13.0,0.0,0.0,0.0,0.0,0.0,0.0,0.0,68.0,97.0,3.0,0.0,3.0,0.0,12.0,0.0,12.0,0.0,12.0,27.0,0.0,12.0,0.0,213.0,265.0,18.0,0.0,18.0,0.0,36.0,12.0,33.0,0.0,48.0,50.0,12.0,37.0,0.0,0.0
2,17,0,0,0.0,0.0,0.0,0.0,0.0,0.0,0.0,0.0,11.0,0.0,0.0,12.0,19.0,4.0,0.0,11.0,23.0,0.0,0.0,0.0,0.0,0.0,13.0,0.0,0.0,0.0,0.0,0.0,0.0,0.0,68.0,97.0,3.0,0.0,3.0,0.0,12.0,0.0,12.0,0.0,12.0,27.0,0.0,12.0,0.0,213.0,265.0,18.0,0.0,18.0,0.0,36.0,12.0,33.0,0.0,48.0,50.0,12.0,37.0,0.0,0.0
1,47,0,0,0.186667,1.0,2.0,2.0,0.186335,0.212121,30.0,28.0,5.0,0.0,0.0,18.0,4.0,5.0,2.0,0.0,18.0,0.0,0.0,0.0,0.0,0.0,9.0,0.0,0.0,1.0,1.0,0.0,0.0,1.0,93.0,118.0,7.0,0.0,7.0,0.0,18.0,0.0,8.0,0.0,25.0,33.0,0.0,15.0,0.0,132.0,161.0,7.0,0.0,7.0,0.0,26.0,0.0,16.0,0.0,33.0,49.0,0.0,23.0,0.0,0.0
0,20,0,0,0.186667,1.0,2.0,2.0,0.186335,0.212121,30.0,28.0,5.0,0.0,0.0,18.0,4.0,5.0,2.0,0.0,18.0,0.0,0.0,0.0,0.0,0.0,9.0,0.0,0.0,1.0,1.0,0.0,0.0,1.0,93.0,118.0,7.0,0.0,7.0,0.0,18.0,0.0,8.0,0.0,25.0,33.0,0.0,15.0,0.0,132.0,161.0,7.0,0.0,7.0,0.0,26.0,0.0,16.0,0.0,33.0,49.0,0.0,23.0,0.0,0.0
0,2,0,0,0.0,0.0,0.0,0.0,0.0,0.0,0.0,0.0,2.0,0.0,0.0,2.0,5.0,0.0,0.0,2.0,4.0,0.0,0.0,0.0,0.0,0.0,3.0,0.0,0.0,0.0,0.0,0.0,0.0,0.0,16.0,19.0,0.0,0.0,0.0,0.0,2.0,0.0,2.0,0.0,2.0,6.0,0.0,2.0,0.0,34.0,41.0,4.0,0.0,4.0,0.0,4.0,2.0,4.0,0.0,4.0,8.0,2.0,4.0,0.0,0.0
0,38,0,0,0.0,0.0,0.0,0.0,0.0,0.0,0.0,0.0,2.0,0.0,0.0,2.0,5.0,0.0,0.0,2.0,4.0,0.0,0.0,0.0,0.0,0.0,3.0,0.0,0.0,0.0,0.0,0.0,0.0,0.0,16.0,19.0,0.0,0.0,0.0,0.0,2.0,0.0,2.0,0.0,2.0,6.0,0.0,2.0,0.0,34.0,41.0,4.0,0.0,4.0,0.0,4.0,2.0,4.0,0.0,4.0,8.0,2.0,4.0,0.0,0.0
0,6,0,0,0.0,0.0,0.0,0.0,0.0,0.0,0.0,0.0,2.0,0.0,0.0,2.0,6.0,0.0,0.0,2.0,4.0,0.0,0.0,0.0,0.0,0.0,3.0,0.0,0.0,0.0,0.0,0.0,0.0,0.0,14.0,18.0,0.0,0.0,0.0,0.0,2.0,0.0,2.0,0.0,2.0,4.0,0.0,2.0,0.0,49.0,59.0,3.0,0.0,3.0,0.0,8.0,2.0,8.0,0.0,13.0,10.0,2.0,13.0,0.0,0.0
0,10,0,0,0.0,0.0,0.0,0.0,0.0,0.0,0.0,0.0,2.0,0.0,0.0,2.0,6.0,0.0,0.0,2.0,4.0,0.0,0.0,0.0,0.0,0.0,3.0,0.0,0.0,0.0,0.0,0.0,0.0,0.0,14.0,18.0,0.0,0.0,0.0,0.0,2.0,0.0,2.0,0.0,2.0,4.0,0.0,2.0,0.0,49.0,59.0,3.0,0.0,3.0,0.0,8.0,2.0,8.0,0.0,13.0,10.0,2.0,13.0,0.0,0.0
0,4,0,0,0.0,0.0,0.0,0.0,0.0,0.0,0.0,0.0,1.0,0.0,0.0,5.0,2.0,0.0,0.0,0.0,5.0,0.0,0.0,0.0,0.0,0.0,1.0,0.0,0.0,2.0,2.0,0.0,0.0,1.0,22.0,27.0,1.0,0.0,1.0,0.0,5.0,0.0,0.0,0.0,10.0,5.0,0.0,1.0,0.0,22.0,27.0,1.0,0.0,1.0,0.0,5.0,0.0,0.0,0.0,10.0,5.0,0.0,1.0,0.0,0.0
12,72,1,0,0.0,0.0,0.0,0.0,0.0,0.0,0.0,0.0,6.0,1.0,1.0,12.0,12.0,6.0,0.0,12.0,22.0,0.0,0.0,0.0,0.0,0.0,11.0,0.0,0.0,0.0,0.0,0.0,0.0,0.0,72.0,91.0,4.0,0.0,4.0,0.0,10.0,0.0,10.0,0.0,10.0,34.0,0.0,10.0,0.0,167.0,202.0,10.0,0.0,10.0,0.0,21.0,6.0,20.0,0.0,21.0,75.0,6.0,20.0,0.0,1.0
12,72,1,0,0.0,0.0,0.0,0.0,0.0,0.0,0.0,0.0,6.0,1.0,1.0,12.0,12.0,6.0,0.0,12.0,22.0,0.0,0.0,0.0,0.0,0.0,11.0,0.0166667,3.0,0.0,0.0,0.0,0.0,0.0,72.0,91.0,4.0,0.0,4.0,0.0,10.0,0.0,10.0,0.0,10.0,34.0,0.0,10.0,0.0,177.0,218.0,10.0,0.0,10.0,0.0,22.0,6.0,21.0,0.0,22.0,82.0,6.0,21.0,0.0,0.0
0,42,0,0,0.0,0.0,0.0,0.0,0.0,0.0,0.0,0.0,2.0,0.0,0.0,3.0,27.0,5.0,0.0,7.0,10.0,0.0,0.0,0.0,0.0,0.0,4.0,0.00393701,1.0,0.0,0.0,0.0,0.0,0.0,68.0,94.0,3.0,0.0,3.0,0.0,3.0,0.0,3.0,0.0,3.0,8.0,0.0,3.0,0.0,253.0,305.0,23.0,0.0,23.0,0.0,23.0,20.0,23.0,0.0,23.0,52.0,20.0,23.0,0.0,0.0
1,15,0,0,0.0,0.0,0.0,0.0,0.0,0.0,0.0,0.0,2.0,0.0,0.0,3.0,27.0,5.0,0.0,7.0,10.0,0.0,0.0,0.0,0.0,0.0,4.0,0.00393701,1.0,0.0,0.0,0.0,0.0,0.0,68.0,94.0,3.0,0.0,3.0,0.0,3.0,0.0,3.0,0.0,3.0,8.0,0.0,3.0,0.0,253.0,305.0,23.0,0.0,23.0,0.0,23.0,20.0,23.0,0.0,23.0,52.0,20.0,23.0,0.0,0.0
0,0,0,0,0.0,0.0,0.0,0.0,0.0,0.0,0.0,0.0,2.0,0.0,0.0,3.0,27.0,5.0,0.0,7.0,10.0,0.0,0.0,0.0,0.0,0.0,4.0,0.00393701,1.0,0.0,0.0,0.0,0.0,0.0,68.0,94.0,3.0,0.0,3.0,0.0,3.0,0.0,3.0,0.0,3.0,8.0,0.0,3.0,0.0,253.0,305.0,23.0,0.0,23.0,0.0,23.0,20.0,23.0,0.0,23.0,52.0,20.0,23.0,0.0,0.0
0,53,0,0,0.0,0.0,0.0,0.0,0.0,0.0,0.0,0.0,2.0,0.0,0.0,3.0,27.0,5.0,0.0,7.0,10.0,0.0,0.0,0.0,0.0,0.0,4.0,0.00393701,1.0,0.0,0.0,0.0,0.0,0.0,68.0,94.0,3.0,0.0,3.0,0.0,3.0,0.0,3.0,0.0,3.0,8.0,0.0,3.0,0.0,253.0,305.0,23.0,0.0,23.0,0.0,23.0,20.0,23.0,0.0,23.0,52.0,20.0,23.0,0.0,0.0
0,9,0,0,0.0,0.0,0.0,0.0,0.0,0.0,0.0,0.0,2.0,0.0,0.0,2.0,6.0,1.0,0.0,3.0,5.0,0.0,0.0,0.0,0.0,0.0,3.0,0.0,0.0,0.0,0.0,0.0,0.0,0.0,11.0,17.0,0.0,0.0,0.0,0.0,2.0,0.0,2.0,0.0,2.0,2.0,0.0,2.0,0.0,63.0,73.0,5.0,21.0,1.0,1.0,10.0,1.0,8.0,0.0,129.0,15.0,1.0,25.0,2.0,0.0
0,4,0,0,0.0,0.0,0.0,0.0,0.0,0.0,0.0,0.0,2.0,0.0,0.0,2.0,6.0,1.0,0.0,3.0,5.0,0.0,0.0,0.0,0.0,0.0,3.0,0.0,0.0,0.0,0.0,0.0,0.0,0.0,11.0,17.0,0.0,0.0,0.0,0.0,2.0,0.0,2.0,0.0,2.0,2.0,0.0,2.0,0.0,63.0,73.0,5.0,21.0,1.0,1.0,10.0,1.0,8.0,0.0,129.0,15.0,1.0,25.0,2.0,0.0
0,6,0,0,0.0,0.0,0.0,0.0,0.0,0.0,0.0,0.0,2.0,0.0,0.0,2.0,6.0,1.0,0.0,3.0,5.0,0.0,0.0,0.0,0.0,0.0,3.0,0.0,0.0,0.0,0.0,0.0,0.0,0.0,11.0,17.0,0.0,0.0,0.0,0.0,2.0,0.0,2.0,0.0,2.0,2.0,0.0,2.0,0.0,63.0,73.0,5.0,21.0,1.0,1.0,10.0,1.0,8.0,0.0,129.0,15.0,1.0,25.0,2.0,0.0
0,15,0,0,0.0,0.0,0.0,0.0,0.0,0.0,0.0,0.0,2.0,0.0,0.0,2.0,6.0,1.0,0.0,3.0,5.0,0.0,0.0,0.0,0.0,0.0,3.0,0.0,0.0,0.0,0.0,0.0,0.0,0.0,11.0,17.0,0.0,0.0,0.0,0.0,2.0,0.0,2.0,0.0,2.0,2.0,0.0,2.0,0.0,63.0,73.0,5.0,21.0,1.0,1.0,10.0,1.0,8.0,0.0,129.0,15.0,1.0,25.0,2.0,0.0
0,8,0,0,0.0,0.0,0.0,0.0,0.0,0.0,0.0,0.0,5.0,0.0,0.0,7.0,12.0,2.0,0.0,6.0,13.0,0.0,0.0,0.0,0.0,0.0,6.0,0.0,0.0,0.0,0.0,0.0,0.0,0.0,32.0,42.0,0.0,0.0,0.0,0.0,7.0,0.0,5.0,0.0,7.0,7.0,0.0,5.0,0.0,91.0,116.0,2.0,0.0,2.0,0.0,19.0,2.0,17.0,0.0,19.0,15.0,2.0,17.0,0.0,1.0
0,8,0,0,0.0,0.0,0.0,0.0,0.0,0.0,0.0,0.0,4.0,0.0,0.0,6.0,11.0,2.0,0.0,6.0,12.0,0.0,0.0,0.0,0.0,0.0,5.0,0.0,0.0,0.0,0.0,0.0,0.0,0.0,28.0,36.0,0.0,0.0,0.0,0.0,6.0,0.0,4.0,0.0,6.0,6.0,0.0,4.0,0.0,73.0,89.0,2.0,0.0,2.0,0.0,15.0,2.0,13.0,0.0,15.0,12.0,2.0,13.0,0.0,0.0
0,3,1,0,0.0,0.0,0.0,0.0,0.0,0.0,0.0,0.0,1.0,1.0,1.0,2.0,5.0,2.0,0.0,4.0,5.0,0.0,0.0,0.0,0.0,0.0,2.0,0.0,0.0,0.0,0.0,0.0,0.0,0.0,11.0,15.0,0.0,0.0,0.0,0.0,1.0,0.0,1.0,0.0,1.0,4.0,0.0,1.0,0.0,41.0,55.0,4.0,0.0,4.0,0.0,6.0,4.0,6.0,0.0,6.0,8.0,4.0,6.0,0.0,1.0
0,3,1,0,0.0,0.0,0.0,0.0,0.0,0.0,0.0,0.0,1.0,1.0,1.0,2.0,5.0,2.0,0.0,4.0,5.0,0.0,0.0,0.0,0.0,0.0,2.0,0.0,0.0,0.0,0.0,0.0,0.0,0.0,11.0,15.0,0.0,0.0,0.0,0.0,1.0,0.0,1.0,0.0,1.0,4.0,0.0,1.0,0.0,41.0,55.0,4.0,0.0,4.0,0.0,6.0,4.0,6.0,0.0,6.0,8.0,4.0,6.0,0.0,0.0
0,2,0,0,0.0,0.0,0.0,0.0,0.0,0.0,0.0,0.0,1.0,1.0,1.0,2.0,5.0,2.0,0.0,4.0,5.0,0.0,0.0,0.0,0.0,0.0,2.0,0.0,0.0,0.0,0.0,0.0,0.0,0.0,11.0,15.0,0.0,0.0,0.0,0.0,1.0,0.0,1.0,0.0,1.0,4.0,0.0,1.0,0.0,41.0,55.0,4.0,0.0,4.0,0.0,6.0,4.0,6.0,0.0,6.0,8.0,4.0,6.0,0.0,0.0
4,13,0,0,0.0,0.0,0.0,0.0,0.0,0.0,0.0,0.0,3.0,0.0,0.0,4.0,11.0,1.0,0.0,7.0,11.0,0.0,0.0,0.0,0.0,0.0,5.0,0.0,0.0,0.0,0.0,0.0,0.0,0.0,27.0,44.0,2.0,0.0,2.0,0.0,4.0,1.0,4.0,0.0,4.0,9.0,1.0,4.0,0.0,102.0,143.0,4.0,6.0,4.0,6.0,18.0,1.0,18.0,0.0,19.0,20.0,1.0,19.0,0.0,1.0
4,13,0,0,0.0,0.0,0.0,0.0,0.0,0.0,0.0,0.0,3.0,0.0,0.0,4.0,11.0,1.0,0.0,7.0,11.0,0.0,0.0,0.0,0.0,0.0,5.0,0.0,0.0,0.0,0.0,0.0,0.0,0.0,27.0,44.0,2.0,0.0,2.0,0.0,4.0,1.0,4.0,0.0,4.0,9.0,1.0,4.0,0.0,102.0,143.0,4.0,6.0,4.0,6.0,18.0,1.0,18.0,0.0,19.0,20.0,1.0,19.0,0.0,0.0
0,0,0,0,0.0,0.0,0.0,0.0,0.0,0.0,0.0,0.0,6.0,0.0,0.0,6.0,9.0,0.0,0.0,3.0,9.0,0.0,0.0,0.0,0.0,0.0,7.0,0.0,0.0,0.0,0.0,0.0,0.0,0.0,26.0,39.0,0.0,0.0,0.0,0.0,6.0,0.0,6.0,0.0,6.0,6.0,0.0,6.0,0.0,98.0,123.0,6.0,0.0,6.0,0.0,18.0,6.0,18.0,0.0,18.0,12.0,6.0,18.0,0.0,0.0
0,7,0,0,0.0,0.0,0.0,0.0,0.0,0.0,0.0,0.0,6.0,0.0,0.0,6.0,9.0,0.0,0.0,3.0,9.0,0.0,0.0,0.0,0.0,0.0,7.0,0.0,0.0,0.0,0.0,0.0,0.0,0.0,26.0,39.0,0.0,0.0,0.0,0.0,6.0,0.0,6.0,0.0,6.0,6.0,0.0,6.0,0.0,98.0,123.0,6.0,0.0,6.0,0.0,18.0,6.0,18.0,0.0,18.0,12.0,6.0,18.0,0.0,0.0
0,9,0,0,0.0,0.0,0.0,0.0,0.0,0.0,0.0,0.0,4.0,0.0,0.0,4.0,7.0,2.0,0.0,2.0,6.0,0.0,0.0,0.0,0.0,0.0,5.0,0.0,0.0,0.0,0.0,0.0,0.0,0.0,23.0,32.0,0.0,0.0,0.0,0.0,4.0,0.0,4.0,0.0,4.0,4.0,0.0,4.0,0.0,44.0,62.0,5.0,0.0,5.0,0.0,8.0,5.0,8.0,0.0,8.0,4.0,5.0,8.0,0.0,0.0
1,6,0,0,0.0,0.0,0.0,0.0,0.0,0.0,0.0,0.0,3.0,0.0,0.0,6.0,10.0,1.0,0.0,4.0,10.0,0.0,0.0,0.0,0.0,0.0,7.0,0.0,0.0,0.0,0.0,0.0,0.0,0.0,35.0,46.0,0.0,3.0,0.0,3.0,6.0,0.0,6.0,0.0,6.0,14.0,0.0,6.0,0.0,108.0,133.0,8.0,3.0,8.0,3.0,16.0,8.0,16.0,0.0,16.0,24.0,8.0,16.0,0.0,1.0
1,6,0,0,0.0,0.0,0.0,0.0,0.0,0.0,0.0,0.0,5.0,0.0,0.0,8.0,12.0,1.0,0.0,4.0,12.0,0.0,0.0,0.0,0.0,0.0,9.0,0.0,0.0,0.0,0.0,0.0,0.0,0.0,43.0,58.0,0.0,3.0,0.0,3.0,8.0,0.0,8.0,0.0,8.0,16.0,0.0,8.0,0.0,133.0,165.0,10.0,3.0,10.0,3.0,20.0,10.0,20.0,0.0,20.0,27.0,10.0,20.0,0.0,0.0
0,2,0,0,0.0,0.0,0.0,0.0,0.0,0.0,0.0,0.0,5.0,0.0,0.0,8.0,12.0,1.0,0.0,4.0,12.0,0.0,0.0,0.0,0.0,0.0,9.0,0.0,0.0,0.0,0.0,0.0,0.0,0.0,43.0,58.0,0.0,3.0,0.0,3.0,8.0,0.0,8.0,0.0,8.0,16.0,0.0,8.0,0.0,133.0,165.0,10.0,3.0,10.0,3.0,20.0,10.0,20.0,0.0,20.0,27.0,10.0,20.0,0.0,0.0
0,13,0,0,0.0,0.0,0.0,0.0,0.0,0.0,0.0,0.0,8.0,0.0,0.0,8.0,15.0,1.0,0.0,10.0,18.0,0.0,0.0,0.0,0.0,0.0,9.0,0.0,0.0,0.0,0.0,0.0,0.0,0.0,52.0,65.0,0.0,0.0,0.0,0.0,8.0,0.0,8.0,0.0,8.0,8.0,0.0,8.0,0.0,112.0,138.0,10.0,0.0,10.0,0.0,14.0,7.0,13.0,0.0,14.0,11.0,7.0,13.0,0.0,1.0
0,13,0,0,0.293542,2.0,4.0,4.0,0.199134,0.236559,46.0,44.0,10.0,0.0,0.0,10.0,17.0,1.0,0.0,12.0,22.0,0.0,0.0,0.0,0.0,0.0,11.0,0.0,0.0,0.0,0.0,0.0,0.0,0.0,77.0,96.0,0.0,0.0,0.0,0.0,10.0,0.0,10.0,0.0,10.0,14.0,0.0,10.0,0.0,186.0,231.0,13.0,0.0,13.0,0.0,26.0,7.0,19.0,0.0,26.0,25.0,7.0,19.0,0.0,0.0
0,0,0,0,0.0,0.0,0.0,0.0,0.0,0.0,0.0,0.0,2.0,0.0,0.0,2.0,6.0,0.0,0.0,3.0,5.0,0.0,0.0,0.0,0.0,0.0,3.0,0.0,0.0,0.0,0.0,0.0,0.0,0.0,10.0,14.0,0.0,0.0,0.0,0.0,2.0,0.0,2.0,0.0,2.0,2.0,0.0,2.0,0.0,36.0,44.0,2.0,0.0,2.0,0.0,6.0,2.0,6.0,0.0,6.0,4.0,2.0,6.0,0.0,0.0
0,6,0,0,0.0,0.0,0.0,0.0,0.0,0.0,0.0,0.0,2.0,0.0,0.0,2.0,6.0,0.0,0.0,3.0,5.0,0.0,0.0,0.0,0.0,0.0,3.0,0.0,0.0,0.0,0.0,0.0,0.0,0.0,10.0,14.0,0.0,0.0,0.0,0.0,2.0,0.0,2.0,0.0,2.0,2.0,0.0,2.0,0.0,36.0,44.0,2.0,0.0,2.0,0.0,6.0,2.0,6.0,0.0,6.0,4.0,2.0,6.0,0.0,0.0
0,18,0,0,0.784884,1.0,3.0,3.0,0.5,0.576923,30.0,30.0,3.0,0.0,0.0,3.0,9.0,2.0,0.0,5.0,8.0,0.0,0.0,0.0,0.0,0.0,4.0,0.0,0.0,0.0,0.0,0.0,0.0,0.0,32.0,37.0,0.0,0.0,0.0,0.0,3.0,0.0,3.0,0.0,3.0,6.0,0.0,3.0,0.0,52.0,60.0,2.0,1.0,2.0,1.0,7.0,2.0,7.0,0.0,7.0,7.0,2.0,7.0,0.0,1.0
0,18,0,0,0.0,0.0,0.0,0.0,0.0,0.0,0.0,0.0,5.0,1.0,1.0,9.0,15.0,2.0,0.0,12.0,20.0,0.0,0.0,0.0,0.0,0.0,8.0,0.0,0.0,0.0,0.0,0.0,0.0,0.0,56.0,76.0,1.0,0.0,1.0,0.0,8.0,1.0,7.0,0.0,8.0,18.0,1.0,7.0,0.0,108.0,135.0,5.0,1.0,5.0,1.0,18.0,5.0,17.0,0.0,18.0,21.0,5.0,17.0,0.0,0.0
0,18,1,0,0.439252,1.0,4.0,4.0,0.294118,0.323232,40.0,32.0,8.0,1.0,1.0,16.0,10.0,2.0,0.0,7.0,22.0,0.0,0.0,0.0,0.0,0.0,14.0,0.0,0.0,0.0,0.0,0.0,0.0,0.0,73.0,102.0,0.0,1.0,0.0,1.0,15.0,0.0,13.0,0.0,15.0,34.0,0.0,13.0,0.0,99.0,136.0,4.0,5.0,4.0,5.0,19.0,4.0,17.0,0.0,19.0,38.0,4.0,17.0,0.0,1.0
0,18,1,0,0.439252,1.0,4.0,4.0,0.294118,0.323232,40.0,32.0,8.0,1.0,1.0,16.0,10.0,2.0,0.0,7.0,22.0,0.0,0.0,0.0,0.0,0.0,14.0,0.0,0.0,0.0,0.0,0.0,0.0,0.0,73.0,102.0,0.0,1.0,0.0,1.0,15.0,0.0,13.0,0.0,15.0,34.0,0.0,13.0,0.0,99.0,136.0,4.0,5.0,4.0,5.0,19.0,4.0,17.0,0.0,19.0,38.0,4.0,17.0,0.0,0.0
0,6,0,0,0.439252,1.0,4.0,4.0,0.294118,0.323232,40.0,32.0,8.0,1.0,1.0,16.0,10.0,2.0,0.0,7.0,22.0,0.0,0.0,0.0,0.0,0.0,14.0,0.0,0.0,0.0,0.0,0.0,0.0,0.0,73.0,102.0,0.0,1.0,0.0,1.0,15.0,0.0,13.0,0.0,15.0,34.0,0.0,13.0,0.0,99.0,136.0,4.0,5.0,4.0,5.0,19.0,4.0,17.0,0.0,19.0,38.0,4.0,17.0,0.0,0.0
0,0,0,0,0.439252,1.0,4.0,4.0,0.294118,0.323232,40.0,32.0,8.0,1.0,1.0,16.0,10.0,2.0,0.0,7.0,22.0,0.0,0.0,0.0,0.0,0.0,14.0,0.0,0.0,0.0,0.0,0.0,0.0,0.0,73.0,102.0,0.0,1.0,0.0,1.0,15.0,0.0,13.0,0.0,15.0,34.0,0.0,13.0,0.0,99.0,136.0,4.0,5.0,4.0,5.0,19.0,4.0,17.0,0.0,19.0,38.0,4.0,17.0,0.0,0.0
0,16,1,0,0.439252,1.0,4.0,4.0,0.294118,0.323232,40.0,32.0,8.0,1.0,1.0,16.0,10.0,2.0,0.0,7.0,22.0,0.0,0.0,0.0,0.0,0.0,14.0,0.0,0.0,0.0,0.0,0.0,0.0,0.0,73.0,102.0,0.0,1.0,0.0,1.0,15.0,0.0,13.0,0.0,15.0,34.0,0.0,13.0,0.0,99.0,136.0,4.0,5.0,4.0,5.0,19.0,4.0,17.0,0.0,19.0,38.0,4.0,17.0,0.0,0.0
0,11,1,0,0.439252,1.0,4.0,4.0,0.294118,0.323232,40.0,32.0,8.0,1.0,1.0,16.0,10.0,2.0,0.0,7.0,22.0,0.0,0.0,0.0,0.0,0.0,14.0,0.0,0.0,0.0,0.0,0.0,0.0,0.0,73.0,102.0,0.0,1.0,0.0,1.0,15.0,0.0,13.0,0.0,15.0,34.0,0.0,13.0,0.0,99.0,136.0,4.0,5.0,4.0,5.0,19.0,4.0,17.0,0.0,19.0,38.0,4.0,17.0,0.0,0.0
2,13,0,0,0.0,0.0,0.0,0.0,0.0,0.0,0.0,0.0,1.0,0.0,0.0,2.0,6.0,1.0,0.0,3.0,5.0,0.0,0.0,0.0,0.0,0.0,3.0,0.0,0.0,5.0,7.0,0.0,0.0,1.0,9.0,12.0,5.0,10.0,0.0,0.0,2.0,0.0,2.0,0.0,69.0,2.0,0.0,12.0,1.0,42.0,51.0,10.0,11.0,1.0,0.0,6.0,0.0,3.0,0.0,84.0,17.0,0.0,15.0,1.0,1.0
2,13,0,0,0.0,0.0,0.0,0.0,0.0,0.0,0.0,0.0,1.0,0.0,0.0,2.0,6.0,1.0,0.0,3.0,5.0,0.0,0.0,0.0,0.0,0.0,3.0,0.0,0.0,5.0,7.0,0.0,0.0,1.0,9.0,12.0,5.0,10.0,0.0,0.0,2.0,0.0,2.0,0.0,69.0,2.0,0.0,12.0,1.0,42.0,51.0,10.0,11.0,1.0,0.0,6.0,0.0,3.0,0.0,84.0,17.0,0.0,15.0,1.0,0.0
0,0,0,0,0.0,0.0,0.0,0.0,0.0,0.0,0.0,0.0,1.0,0.0,0.0,2.0,6.0,1.0,0.0,3.0,5.0,0.0,0.0,0.0,0.0,0.0,3.0,0.0,0.0,5.0,7.0,0.0,0.0,1.0,9.0,12.0,5.0,10.0,0.0,0.0,2.0,0.0,2.0,0.0,69.0,2.0,0.0,12.0,1.0,42.0,51.0,10.0,11.0,1.0,0.0,6.0,0.0,3.0,0.0,84.0,17.0,0.0,15.0,1.0,0.0
0,6,1,0,0.0,0.0,0.0,0.0,0.0,0.0,0.0,0.0,1.0,0.0,0.0,2.0,6.0,1.0,0.0,3.0,5.0,0.0,0.0,0.0,0.0,0.0,3.0,0.0,0.0,5.0,7.0,0.0,0.0,1.0,9.0,12.0,5.0,10.0,0.0,0.0,2.0,0.0,2.0,0.0,69.0,2.0,0.0,12.0,1.0,42.0,51.0,10.0,11.0,1.0,0.0,6.0,0.0,3.0,0.0,84.0,17.0,0.0,15.0,1.0,0.0
0,1,0,0,0.0,0.0,0.0,0.0,0.0,0.0,0.0,0.0,1.0,0.0,0.0,2.0,6.0,1.0,0.0,3.0,5.0,0.0,0.0,0.0,0.0,0.0,3.0,0.0,0.0,5.0,7.0,0.0,0.0,1.0,9.0,12.0,5.0,10.0,0.0,0.0,2.0,0.0,2.0,0.0,69.0,2.0,0.0,12.0,1.0,42.0,51.0,10.0,11.0,1.0,0.0,6.0,0.0,3.0,0.0,84.0,17.0,0.0,15.0,1.0,0.0
0,5,0,0,0.0,0.0,0.0,0.0,0.0,0.0,0.0,0.0,1.0,0.0,0.0,2.0,3.0,3.0,4.0,3.0,5.0,0.0,0.0,0.0,0.0,0.0,2.0,0.0,0.0,0.0,0.0,0.0,0.0,0.0,9.0,12.0,0.0,0.0,0.0,0.0,2.0,0.0,1.0,0.0,2.0,1.0,0.0,1.0,0.0,9.0,12.0,0.0,0.0,0.0,0.0,2.0,0.0,1.0,0.0,2.0,1.0,0.0,1.0,0.0,1.0
0,5,0,0,0.0,0.0,0.0,0.0,0.0,0.0,0.0,0.0,2.0,0.0,0.0,3.0,9.0,6.0,13.0,6.0,9.0,0.0,0.0,0.0,0.0,0.0,3.0,0.0,0.0,0.0,0.0,0.0,0.0,0.0,14.0,18.0,0.0,0.0,0.0,0.0,3.0,0.0,2.0,0.0,3.0,4.0,0.0,2.0,0.0,14.0,18.0,0.0,0.0,0.0,0.0,3.0,0.0,2.0,0.0,3.0,4.0,0.0,2.0,0.0,0.0
1,6,0,0,0.0,0.0,0.0,0.0,0.0,0.0,0.0,0.0,2.0,0.0,0.0,3.0,6.0,1.0,0.0,4.0,7.0,0.0,0.0,0.0,0.0,0.0,3.0,0.0,0.0,0.0,0.0,0.0,0.0,0.0,14.0,18.0,0.0,0.0,0.0,0.0,3.0,0.0,2.0,0.0,3.0,5.0,0.0,2.0,0.0,14.0,18.0,0.0,0.0,0.0,0.0,3.0,0.0,2.0,0.0,3.0,5.0,0.0,2.0,0.0,0.0
0,4,0,0,0.0,0.0,0.0,0.0,0.0,0.0,0.0,0.0,2.0,0.0,0.0,2.0,11.0,0.0,0.0,6.0,8.0,0.0,0.0,0.0,0.0,0.0,3.0,0.115385,3.0,0.0,0.0,0.0,0.0,0.0,15.0,22.0,0.0,0.0,0.0,0.0,2.0,0.0,2.0,0.0,2.0,6.0,0.0,2.0,0.0,23.0,32.0,1.0,0.0,1.0,0.0,3.0,1.0,3.0,0.0,3.0,7.0,1.0,3.0,0.0,1.0
0,4,0,0,0.0,0.0,0.0,0.0,0.0,0.0,0.0,0.0,2.0,0.0,0.0,2.0,9.0,0.0,0.0,4.0,6.0,0.0,0.0,0.0,0.0,0.0,3.0,0.130435,3.0,0.0,0.0,0.0,0.0,0.0,12.0,19.0,0.0,0.0,0.0,0.0,2.0,0.0,2.0,0.0,2.0,3.0,0.0,2.0,0.0,20.0,29.0,1.0,0.0,1.0,0.0,3.0,1.0,3.0,0.0,3.0,4.0,1.0,3.0,0.0,0.0
4,24,0,0,0.0,0.0,0.0,0.0,0.0,0.0,0.0,0.0,2.0,0.0,0.0,2.0,9.0,0.0,0.0,4.0,6.0,0.0,0.0,0.0,0.0,0.0,3.0,0.130435,3.0,0.0,0.0,0.0,0.0,0.0,12.0,19.0,0.0,0.0,0.0,0.0,2.0,0.0,2.0,0.0,2.0,3.0,0.0,2.0,0.0,20.0,29.0,1.0,0.0,1.0,0.0,3.0,1.0,3.0,0.0,3.0,4.0,1.0,3.0,0.0,0.0
0,8,0,0,0.0,0.0,0.0,0.0,0.0,0.0,0.0,0.0,2.0,0.0,0.0,2.0,9.0,0.0,0.0,4.0,6.0,0.0,0.0,0.0,0.0,0.0,3.0,0.130435,3.0,0.0,0.0,0.0,0.0,0.0,12.0,19.0,0.0,0.0,0.0,0.0,2.0,0.0,2.0,0.0,2.0,3.0,0.0,2.0,0.0,20.0,29.0,1.0,0.0,1.0,0.0,3.0,1.0,3.0,0.0,3.0,4.0,1.0,3.0,0.0,0.0
0,62,0,0,0.0,0.0,0.0,0.0,0.0,0.0,0.0,0.0,2.0,0.0,0.0,2.0,9.0,0.0,0.0,4.0,6.0,0.0,0.0,0.0,0.0,0.0,3.0,0.130435,3.0,0.0,0.0,0.0,0.0,0.0,12.0,19.0,0.0,0.0,0.0,0.0,2.0,0.0,2.0,0.0,2.0,3.0,0.0,2.0,0.0,20.0,29.0,1.0,0.0,1.0,0.0,3.0,1.0,3.0,0.0,3.0,4.0,1.0,3.0,0.0,0.0
0,21,0,0,0.0,0.0,0.0,0.0,0.0,0.0,0.0,0.0,2.0,0.0,0.0,2.0,9.0,0.0,0.0,4.0,6.0,0.0,0.0,0.0,0.0,0.0,3.0,0.130435,3.0,0.0,0.0,0.0,0.0,0.0,12.0,19.0,0.0,0.0,0.0,0.0,2.0,0.0,2.0,0.0,2.0,3.0,0.0,2.0,0.0,20.0,29.0,1.0,0.0,1.0,0.0,3.0,1.0,3.0,0.0,3.0,4.0,1.0,3.0,0.0,0.0
0,7,0,0,0.0,0.0,0.0,0.0,0.0,0.0,0.0,0.0,2.0,0.0,0.0,2.0,9.0,0.0,0.0,4.0,6.0,0.0,0.0,0.0,0.0,0.0,3.0,0.130435,3.0,0.0,0.0,0.0,0.0,0.0,12.0,19.0,0.0,0.0,0.0,0.0,2.0,0.0,2.0,0.0,2.0,3.0,0.0,2.0,0.0,20.0,29.0,1.0,0.0,1.0,0.0,3.0,1.0,3.0,0.0,3.0,4.0,1.0,3.0,0.0,0.0
0,3,0,0,0.0,0.0,0.0,0.0,0.0,0.0,0.0,0.0,2.0,0.0,0.0,2.0,9.0,0.0,0.0,4.0,6.0,0.0,0.0,0.0,0.0,0.0,3.0,0.130435,3.0,0.0,0.0,0.0,0.0,0.0,12.0,19.0,0.0,0.0,0.0,0.0,2.0,0.0,2.0,0.0,2.0,3.0,0.0,2.0,0.0,20.0,29.0,1.0,0.0,1.0,0.0,3.0,1.0,3.0,0.0,3.0,4.0,1.0,3.0,0.0,0.0
4,29,0,0,0.0,0.0,0.0,0.0,0.0,0.0,0.0,0.0,14.0,1.0,1.0,23.0,19.0,5.0,0.0,20.0,40.0,0.0,0.03125,4.0,4.0,0.0,19.0,0.0490196,10.0,0.0,0.0,0.0,0.0,0.0,124.0,166.0,3.0,0.0,3.0,0.0,20.0,0.0,18.0,0.0,20.0,51.0,0.0,18.0,0.0,194.0,239.0,3.0,0.0,3.0,0.0,33.0,0.0,31.0,0.0,47.0,67.0,0.0,45.0,0.0,1.0
4,29,0,0,0.0,0.0,0.0,0.0,0.0,0.0,0.0,0.0,15.0,1.0,1.0,28.0,19.0,5.0,0.0,20.0,41.0,0.0,0.0526316,8.0,4.0,0.0,20.0,0.0614035,14.0,0.0,0.0,0.0,0.0,0.0,144.0,191.0,3.0,0.0,3.0,0.0,21.0,0.0,19.0,0.0,21.0,60.0,0.0,19.0,0.0,214.0,264.0,3.0,0.0,3.0,0.0,34.0,0.0,32.0,0.0,52.0,76.0,0.0,50.0,0.0,0.0
0,0,0,0,0.0,0.0,0.0,0.0,0.0,0.0,0.0,0.0,15.0,1.0,1.0,28.0,19.0,5.0,0.0,20.0,41.0,0.0,0.0526316,8.0,4.0,0.0,20.0,0.0614035,14.0,0.0,0.0,0.0,0.0,0.0,144.0,191.0,3.0,0.0,3.0,0.0,21.0,0.0,19.0,0.0,21.0,60.0,0.0,19.0,0.0,214.0,264.0,3.0,0.0,3.0,0.0,34.0,0.0,32.0,0.0,52.0,76.0,0.0,50.0,0.0,0.0
0,6,0,0,0.0,0.0,0.0,0.0,0.0,0.0,0.0,0.0,15.0,1.0,1.0,28.0,19.0,5.0,0.0,20.0,41.0,0.0,0.0526316,8.0,4.0,0.0,20.0,0.0614035,14.0,0.0,0.0,0.0,0.0,0.0,144.0,191.0,3.0,0.0,3.0,0.0,21.0,0.0,19.0,0.0,21.0,60.0,0.0,19.0,0.0,214.0,264.0,3.0,0.0,3.0,0.0,34.0,0.0,32.0,0.0,52.0,76.0,0.0,50.0,0.0,0.0
0,8,0,0,0.0,0.0,0.0,0.0,0.0,0.0,0.0,0.0,1.0,0.0,0.0,1.0,4.0,1.0,0.0,4.0,5.0,0.0,0.0,0.0,0.0,0.0,2.0,0.0,0.0,0.0,0.0,0.0,0.0,0.0,9.0,10.0,0.0,0.0,0.0,0.0,1.0,0.0,1.0,0.0,1.0,4.0,0.0,1.0,0.0,23.0,27.0,2.0,0.0,1.0,0.0,4.0,0.0,4.0,0.0,7.0,7.0,1.0,7.0,0.0,0.0
0,27,0,0,0.0,0.0,0.0,0.0,0.0,0.0,0.0,0.0,1.0,0.0,0.0,1.0,4.0,1.0,0.0,4.0,5.0,0.0,0.0,0.0,0.0,0.0,2.0,0.0,0.0,0.0,0.0,0.0,0.0,0.0,9.0,10.0,0.0,0.0,0.0,0.0,1.0,0.0,1.0,0.0,1.0,4.0,0.0,1.0,0.0,23.0,27.0,2.0,0.0,1.0,0.0,4.0,0.0,4.0,0.0,7.0,7.0,1.0,7.0,0.0,0.0
0,6,0,0,0.0,0.0,0.0,0.0,0.0,0.0,0.0,0.0,1.0,0.0,0.0,1.0,4.0,1.0,0.0,4.0,5.0,0.0,0.0,0.0,0.0,0.0,2.0,0.0,0.0,0.0,0.0,0.0,0.0,0.0,9.0,10.0,0.0,0.0,0.0,0.0,1.0,0.0,1.0,0.0,1.0,4.0,0.0,1.0,0.0,23.0,27.0,2.0,0.0,1.0,0.0,4.0,0.0,4.0,0.0,7.0,7.0,1.0,7.0,0.0,0.0
0,31,1,0,0.0,0.0,0.0,0.0,0.0,0.0,0.0,0.0,1.0,0.0,0.0,1.0,4.0,1.0,0.0,4.0,5.0,0.0,0.0,0.0,0.0,0.0,2.0,0.0,0.0,0.0,0.0,0.0,0.0,0.0,9.0,10.0,0.0,0.0,0.0,0.0,1.0,0.0,1.0,0.0,1.0,4.0,0.0,1.0,0.0,23.0,27.0,2.0,0.0,1.0,0.0,4.0,0.0,4.0,0.0,7.0,7.0,1.0,7.0,0.0,0.0
0,0,0,0,0.0,0.0,0.0,0.0,0.0,0.0,0.0,0.0,1.0,0.0,0.0,1.0,76.0,1.0,0.0,1.0,2.0,0.5,0.0243902,2.0,2.0,1.0,1.0,0.0243902,2.0,0.0,0.0,0.0,0.0,0.0,80.0,80.0,0.0,0.0,0.0,0.0,1.0,0.0,1.0,0.0,1.0,1.0,0.0,1.0,0.0,80.0,80.0,0.0,0.0,0.0,0.0,1.0,0.0,1.0,0.0,1.0,1.0,0.0,1.0,0.0,3.0
0,0,0,0,0.0,0.0,0.0,0.0,0.0,0.0,0.0,0.0,1.0,0.0,0.0,1.0,72.0,1.0,0.0,1.0,2.0,0.5,0.025641,2.0,2.0,1.0,1.0,0.025641,2.0,0.0,0.0,0.0,0.0,0.0,76.0,76.0,0.0,0.0,0.0,0.0,1.0,0.0,1.0,0.0,1.0,1.0,0.0,1.0,0.0,76.0,76.0,0.0,0.0,0.0,0.0,1.0,0.0,1.0,0.0,1.0,1.0,0.0,1.0,0.0,4.0
0,0,0,0,0.0,0.0,0.0,0.0,0.0,0.0,0.0,0.0,1.0,0.0,0.0,1.0,74.0,1.0,0.0,1.0,2.0,0.5,0.025,2.0,2.0,1.0,1.0,0.025,2.0,0.0,0.0,0.0,0.0,0.0,78.0,78.0,0.0,0.0,0.0,0.0,1.0,0.0,1.0,0.0,1.0,1.0,0.0,1.0,0.0,78.0,78.0,0.0,0.0,0.0,0.0,1.0,0.0,1.0,0.0,1.0,1.0,0.0,1.0,0.0,3.0
0,0,0,0,0.0,0.0,0.0,0.0,0.0,0.0,0.0,0.0,1.0,0.0,0.0,1.0,80.0,1.0,0.0,1.0,2.0,0.5,0.0232558,2.0,2.0,1.0,1.0,0.0232558,2.0,0.0,0.0,0.0,0.0,0.0,84.0,84.0,0.0,0.0,0.0,0.0,1.0,0.0,1.0,0.0,1.0,1.0,0.0,1.0,0.0,84.0,84.0,0.0,0.0,0.0,0.0,1.0,0.0,1.0,0.0,1.0,1.0,0.0,1.0,0.0,1.0
0,0,0,0,0.0,0.0,0.0,0.0,0.0,0.0,0.0,0.0,1.0,0.0,0.0,1.0,81.0,1.0,0.0,1.0,2.0,0.5,0.0229885,2.0,2.0,1.0,1.0,0.0229885,2.0,0.0,0.0,0.0,0.0,0.0,85.0,85.0,0.0,0.0,0.0,0.0,1.0,0.0,1.0,0.0,1.0,1.0,0.0,1.0,0.0,85.0,85.0,0.0,0.0,0.0,0.0,1.0,0.0,1.0,0.0,1.0,1.0,0.0,1.0,0.0,0.0
0,0,0,0,0.0,0.0,0.0,0.0,0.0,0.0,0.0,0.0,1.0,0.0,0.0,1.0,75.0,1.0,0.0,1.0,2.0,0.5,0.0246914,2.0,2.0,1.0,1.0,0.0246914,2.0,0.0,0.0,0.0,0.0,0.0,79.0,79.0,0.0,0.0,0.0,0.0,1.0,0.0,1.0,0.0,1.0,1.0,0.0,1.0,0.0,79.0,79.0,0.0,0.0,0.0,0.0,1.0,0.0,1.0,0.0,1.0,1.0,0.0,1.0,0.0,3.0
0,0,0,0,0.0,0.0,0.0,0.0,0.0,0.0,0.0,0.0,1.0,0.0,0.0,1.0,73.0,1.0,0.0,1.0,2.0,0.5,0.0253165,2.0,2.0,1.0,1.0,0.0253165,2.0,0.0,0.0,0.0,0.0,0.0,77.0,77.0,0.0,0.0,0.0,0.0,1.0,0.0,1.0,0.0,1.0,1.0,0.0,1.0,0.0,77.0,77.0,0.0,0.0,0.0,0.0,1.0,0.0,1.0,0.0,1.0,1.0,0.0,1.0,0.0,3.0
0,0,0,0,0.0,0.0,0.0,0.0,0.0,0.0,0.0,0.0,1.0,0.0,0.0,1.0,77.0,1.0,0.0,1.0,2.0,0.5,0.0240964,2.0,2.0,1.0,1.0,0.0240964,2.0,0.0,0.0,0.0,0.0,0.0,81.0,81.0,0.0,0.0,0.0,0.0,1.0,0.0,1.0,0.0,1.0,1.0,0.0,1.0,0.0,81.0,81.0,0.0,0.0,0.0,0.0,1.0,0.0,1.0,0.0,1.0,1.0,0.0,1.0,0.0,2.0
0,0,0,0,0.0,0.0,0.0,0.0,0.0,0.0,0.0,0.0,1.0,0.0,0.0,1.0,97.0,1.0,0.0,1.0,2.0,0.5,0.0194175,2.0,2.0,1.0,1.0,0.0194175,2.0,0.0,0.0,0.0,0.0,0.0,101.0,101.0,0.0,0.0,0.0,0.0,1.0,0.0,1.0,0.0,1.0,1.0,0.0,1.0,0.0,101.0,101.0,0.0,0.0,0.0,0.0,1.0,0.0,1.0,0.0,1.0,1.0,0.0,1.0,0.0,0.0
0,1,0,0,0.0,0.0,0.0,0.0,0.0,0.0,0.0,0.0,1.0,0.0,0.0,1.0,97.0,1.0,0.0,1.0,2.0,0.5,0.0194175,2.0,2.0,1.0,1.0,0.0194175,2.0,0.0,0.0,0.0,0.0,0.0,101.0,101.0,0.0,0.0,0.0,0.0,1.0,0.0,1.0,0.0,1.0,1.0,0.0,1.0,0.0,101.0,101.0,0.0,0.0,0.0,0.0,1.0,0.0,1.0,0.0,1.0,1.0,0.0,1.0,0.0,0.0
0,7,0,0,0.0,0.0,0.0,0.0,0.0,0.0,0.0,0.0,1.0,0.0,0.0,1.0,97.0,1.0,0.0,1.0,2.0,0.5,0.0194175,2.0,2.0,1.0,1.0,0.0194175,2.0,0.0,0.0,0.0,0.0,0.0,101.0,101.0,0.0,0.0,0.0,0.0,1.0,0.0,1.0,0.0,1.0,1.0,0.0,1.0,0.0,101.0,101.0,0.0,0.0,0.0,0.0,1.0,0.0,1.0,0.0,1.0,1.0,0.0,1.0,0.0,0.0
0,16,0,0,0.0,0.0,0.0,0.0,0.0,0.0,0.0,0.0,1.0,0.0,0.0,1.0,97.0,1.0,0.0,1.0,2.0,0.5,0.0194175,2.0,2.0,1.0,1.0,0.0194175,2.0,0.0,0.0,0.0,0.0,0.0,101.0,101.0,0.0,0.0,0.0,0.0,1.0,0.0,1.0,0.0,1.0,1.0,0.0,1.0,0.0,101.0,101.0,0.0,0.0,0.0,0.0,1.0,0.0,1.0,0.0,1.0,1.0,0.0,1.0,0.0,0.0
0,18,0,0,0.0,0.0,0.0,0.0,0.0,0.0,0.0,0.0,1.0,0.0,0.0,1.0,97.0,1.0,0.0,1.0,2.0,0.5,0.0194175,2.0,2.0,1.0,1.0,0.0194175,2.0,0.0,0.0,0.0,0.0,0.0,101.0,101.0,0.0,0.0,0.0,0.0,1.0,0.0,1.0,0.0,1.0,1.0,0.0,1.0,0.0,101.0,101.0,0.0,0.0,0.0,0.0,1.0,0.0,1.0,0.0,1.0,1.0,0.0,1.0,0.0,0.0
0,40,0,0,0.0,0.0,0.0,0.0,0.0,0.0,0.0,0.0,1.0,0.0,0.0,1.0,97.0,1.0,0.0,1.0,2.0,0.5,0.0194175,2.0,2.0,1.0,1.0,0.0194175,2.0,0.0,0.0,0.0,0.0,0.0,101.0,101.0,0.0,0.0,0.0,0.0,1.0,0.0,1.0,0.0,1.0,1.0,0.0,1.0,0.0,101.0,101.0,0.0,0.0,0.0,0.0,1.0,0.0,1.0,0.0,1.0,1.0,0.0,1.0,0.0,0.0
1,13,0,0,0.0,0.0,0.0,0.0,0.0,0.0,0.0,0.0,1.0,0.0,0.0,1.0,97.0,1.0,0.0,1.0,2.0,0.5,0.0194175,2.0,2.0,1.0,1.0,0.0194175,2.0,0.0,0.0,0.0,0.0,0.0,101.0,101.0,0.0,0.0,0.0,0.0,1.0,0.0,1.0,0.0,1.0,1.0,0.0,1.0,0.0,101.0,101.0,0.0,0.0,0.0,0.0,1.0,0.0,1.0,0.0,1.0,1.0,0.0,1.0,0.0,0.0
0,5,0,0,0.0,0.0,0.0,0.0,0.0,0.0,0.0,0.0,1.0,0.0,0.0,1.0,97.0,1.0,0.0,1.0,2.0,0.5,0.0194175,2.0,2.0,1.0,1.0,0.0194175,2.0,0.0,0.0,0.0,0.0,0.0,101.0,101.0,0.0,0.0,0.0,0.0,1.0,0.0,1.0,0.0,1.0,1.0,0.0,1.0,0.0,101.0,101.0,0.0,0.0,0.0,0.0,1.0,0.0,1.0,0.0,1.0,1.0,0.0,1.0,0.0,0.0
0,13,0,0,0.0,0.0,0.0,0.0,0.0,0.0,0.0,0.0,1.0,0.0,0.0,1.0,97.0,1.0,0.0,1.0,2.0,0.5,0.0194175,2.0,2.0,1.0,1.0,0.0194175,2.0,0.0,0.0,0.0,0.0,0.0,101.0,101.0,0.0,0.0,0.0,0.0,1.0,0.0,1.0,0.0,1.0,1.0,0.0,1.0,0.0,101.0,101.0,0.0,0.0,0.0,0.0,1.0,0.0,1.0,0.0,1.0,1.0,0.0,1.0,0.0,0.0
0,4,0,0,0.0,0.0,0.0,0.0,0.0,0.0,0.0,0.0,1.0,0.0,0.0,1.0,97.0,1.0,0.0,1.0,2.0,0.5,0.0194175,2.0,2.0,1.0,1.0,0.0194175,2.0,0.0,0.0,0.0,0.0,0.0,101.0,101.0,0.0,0.0,0.0,0.0,1.0,0.0,1.0,0.0,1.0,1.0,0.0,1.0,0.0,101.0,101.0,0.0,0.0,0.0,0.0,1.0,0.0,1.0,0.0,1.0,1.0,0.0,1.0,0.0,0.0
0,38,0,0,0.0,0.0,0.0,0.0,0.0,0.0,0.0,0.0,2.0,0.0,0.0,2.0,7.0,0.0,0.0,5.0,7.0,0.0,0.047619,1.0,0.0,0.0,3.0,0.0263158,1.0,0.0,0.0,0.0,0.0,0.0,20.0,24.0,0.0,0.0,0.0,0.0,2.0,0.0,2.0,0.0,2.0,11.0,0.0,2.0,0.0,37.0,43.0,1.0,0.0,1.0,0.0,5.0,0.0,5.0,0.0,19.0,14.0,0.0,19.0,0.0,0.0
1,30,0,0,0.0,0.0,0.0,0.0,0.0,0.0,0.0,0.0,2.0,0.0,0.0,2.0,7.0,0.0,0.0,5.0,7.0,0.0,0.047619,1.0,0.0,0.0,3.0,0.0263158,1.0,0.0,0.0,0.0,0.0,0.0,20.0,24.0,0.0,0.0,0.0,0.0,2.0,0.0,2.0,0.0,2.0,11.0,0.0,2.0,0.0,37.0,43.0,1.0,0.0,1.0,0.0,5.0,0.0,5.0,0.0,19.0,14.0,0.0,19.0,0.0,0.0
0,29,2,0,0.0,0.0,0.0,0.0,0.0,0.0,0.0,0.0,2.0,0.0,0.0,2.0,7.0,0.0,0.0,5.0,7.0,0.0,0.047619,1.0,0.0,0.0,3.0,0.0263158,1.0,0.0,0.0,0.0,0.0,0.0,20.0,24.0,0.0,0.0,0.0,0.0,2.0,0.0,2.0,0.0,2.0,11.0,0.0,2.0,0.0,37.0,43.0,1.0,0.0,1.0,0.0,5.0,0.0,5.0,0.0,19.0,14.0,0.0,19.0,0.0,0.0
0,55,0,0,0.0,0.0,0.0,0.0,0.0,0.0,0.0,0.0,2.0,0.0,0.0,2.0,7.0,0.0,0.0,5.0,7.0,0.0,0.047619,1.0,0.0,0.0,3.0,0.0263158,1.0,0.0,0.0,0.0,0.0,0.0,20.0,24.0,0.0,0.0,0.0,0.0,2.0,0.0,2.0,0.0,2.0,11.0,0.0,2.0,0.0,37.0,43.0,1.0,0.0,1.0,0.0,5.0,0.0,5.0,0.0,19.0,14.0,0.0,19.0,0.0,0.0
3,24,0,0,0.0,0.0,0.0,0.0,0.0,0.0,0.0,0.0,2.0,0.0,0.0,2.0,7.0,0.0,0.0,5.0,7.0,0.0,0.047619,1.0,0.0,0.0,3.0,0.0263158,1.0,0.0,0.0,0.0,0.0,0.0,20.0,24.0,0.0,0.0,0.0,0.0,2.0,0.0,2.0,0.0,2.0,11.0,0.0,2.0,0.0,37.0,43.0,1.0,0.0,1.0,0.0,5.0,0.0,5.0,0.0,19.0,14.0,0.0,19.0,0.0,0.0
0,0,0,1,0.0,0.0,0.0,0.0,0.0,0.0,0.0,0.0,2.0,0.0,0.0,2.0,7.0,0.0,0.0,5.0,7.0,0.0,0.047619,1.0,0.0,0.0,3.0,0.0263158,1.0,0.0,0.0,0.0,0.0,0.0,20.0,24.0,0.0,0.0,0.0,0.0,2.0,0.0,2.0,0.0,2.0,11.0,0.0,2.0,0.0,37.0,43.0,1.0,0.0,1.0,0.0,5.0,0.0,5.0,0.0,19.0,14.0,0.0,19.0,0.0,0.0
0,3,0,0,0.0,0.0,0.0,0.0,0.0,0.0,0.0,0.0,2.0,0.0,0.0,2.0,7.0,0.0,0.0,5.0,7.0,0.0,0.047619,1.0,0.0,0.0,3.0,0.0263158,1.0,0.0,0.0,0.0,0.0,0.0,20.0,24.0,0.0,0.0,0.0,0.0,2.0,0.0,2.0,0.0,2.0,11.0,0.0,2.0,0.0,37.0,43.0,1.0,0.0,1.0,0.0,5.0,0.0,5.0,0.0,19.0,14.0,0.0,19.0,0.0,0.0
0,13,0,0,0.0,0.0,0.0,0.0,0.0,0.0,0.0,0.0,2.0,0.0,0.0,2.0,7.0,0.0,0.0,5.0,7.0,0.0,0.047619,1.0,0.0,0.0,3.0,0.0263158,1.0,0.0,0.0,0.0,0.0,0.0,20.0,24.0,0.0,0.0,0.0,0.0,2.0,0.0,2.0,0.0,2.0,11.0,0.0,2.0,0.0,37.0,43.0,1.0,0.0,1.0,0.0,5.0,0.0,5.0,0.0,19.0,14.0,0.0,19.0,0.0,0.0
0,9,0,0,0.0,0.0,0.0,0.0,0.0,0.0,0.0,0.0,2.0,0.0,0.0,2.0,7.0,0.0,0.0,5.0,7.0,0.0,0.047619,1.0,0.0,0.0,3.0,0.0263158,1.0,0.0,0.0,0.0,0.0,0.0,20.0,24.0,0.0,0.0,0.0,0.0,2.0,0.0,2.0,0.0,2.0,11.0,0.0,2.0,0.0,37.0,43.0,1.0,0.0,1.0,0.0,5.0,0.0,5.0,0.0,19.0,14.0,0.0,19.0,0.0,0.0
0,5,1,0,0.0,0.0,0.0,0.0,0.0,0.0,0.0,0.0,2.0,0.0,0.0,2.0,7.0,0.0,0.0,5.0,7.0,0.0,0.047619,1.0,0.0,0.0,3.0,0.0263158,1.0,0.0,0.0,0.0,0.0,0.0,20.0,24.0,0.0,0.0,0.0,0.0,2.0,0.0,2.0,0.0,2.0,11.0,0.0,2.0,0.0,37.0,43.0,1.0,0.0,1.0,0.0,5.0,0.0,5.0,0.0,19.0,14.0,0.0,19.0,0.0,0.0
0,22,0,0,0.0,0.0,0.0,0.0,0.0,0.0,0.0,0.0,2.0,0.0,0.0,2.0,7.0,0.0,0.0,5.0,7.0,0.0,0.047619,1.0,0.0,0.0,3.0,0.0263158,1.0,0.0,0.0,0.0,0.0,0.0,20.0,24.0,0.0,0.0,0.0,0.0,2.0,0.0,2.0,0.0,2.0,11.0,0.0,2.0,0.0,37.0,43.0,1.0,0.0,1.0,0.0,5.0,0.0,5.0,0.0,19.0,14.0,0.0,19.0,0.0,0.0
1,23,0,0,0.0,0.0,0.0,0.0,0.0,0.0,0.0,0.0,2.0,0.0,0.0,2.0,7.0,0.0,0.0,5.0,7.0,0.0,0.047619,1.0,0.0,0.0,3.0,0.0263158,1.0,0.0,0.0,0.0,0.0,0.0,20.0,24.0,0.0,0.0,0.0,0.0,2.0,0.0,2.0,0.0,2.0,11.0,0.0,2.0,0.0,37.0,43.0,1.0,0.0,1.0,0.0,5.0,0.0,5.0,0.0,19.0,14.0,0.0,19.0,0.0,0.0
0,2,0,0,0.0,0.0,0.0,0.0,0.0,0.0,0.0,0.0,2.0,0.0,0.0,2.0,7.0,0.0,0.0,5.0,7.0,0.0,0.047619,1.0,0.0,0.0,3.0,0.0263158,1.0,0.0,0.0,0.0,0.0,0.0,20.0,24.0,0.0,0.0,0.0,0.0,2.0,0.0,2.0,0.0,2.0,11.0,0.0,2.0,0.0,37.0,43.0,1.0,0.0,1.0,0.0,5.0,0.0,5.0,0.0,19.0,14.0,0.0,19.0,0.0,0.0
0,0,0,0,0.0,0.0,0.0,0.0,0.0,0.0,0.0,0.0,2.0,0.0,0.0,2.0,7.0,0.0,0.0,5.0,7.0,0.0,0.047619,1.0,0.0,0.0,3.0,0.0263158,1.0,0.0,0.0,0.0,0.0,0.0,20.0,24.0,0.0,0.0,0.0,0.0,2.0,0.0,2.0,0.0,2.0,11.0,0.0,2.0,0.0,37.0,43.0,1.0,0.0,1.0,0.0,5.0,0.0,5.0,0.0,19.0,14.0,0.0,19.0,0.0,0.0
0,45,2,0,0.0,0.0,0.0,0.0,0.0,0.0,0.0,0.0,3.0,0.0,0.0,12.0,12.0,1.0,1.0,21.0,33.0,0.166667,0.164835,15.0,11.0,2.0,10.0,0.164835,15.0,2.0,3.0,0.0,0.0,1.0,76.0,87.0,2.0,1.0,1.0,0.0,12.0,0.0,11.0,1.0,64.0,48.0,0.0,58.0,3.0,76.0,87.0,2.0,1.0,1.0,0.0,12.0,0.0,11.0,1.0,64.0,48.0,0.0,58.0,3.0,1.0
0,45,2,0,0.0,0.0,0.0,0.0,0.0,0.0,0.0,0.0,3.0,0.0,0.0,14.0,14.0,1.0,1.0,22.0,36.0,0.0714286,0.0927835,9.0,4.0,1.0,13.0,0.0927835,9.0,2.0,3.0,0.0,0.0,1.0,88.0,92.0,2.0,1.0,1.0,0.0,14.0,0.0,13.0,1.0,66.0,56.0,0.0,60.0,3.0,88.0,92.0,2.0,1.0,1.0,0.0,14.0,0.0,13.0,1.0,66.0,56.0,0.0,60.0,3.0,0.0
0,4,2,0,0.0,0.0,0.0,0.0,0.0,0.0,0.0,0.0,3.0,0.0,0.0,14.0,14.0,1.0,1.0,22.0,36.0,0.0714286,0.0927835,9.0,4.0,1.0,13.0,0.0927835,9.0,2.0,3.0,0.0,0.0,1.0,88.0,92.0,2.0,1.0,1.0,0.0,14.0,0.0,13.0,1.0,66.0,56.0,0.0,60.0,3.0,88.0,92.0,2.0,1.0,1.0,0.0,14.0,0.0,13.0,1.0,66.0,56.0,0.0,60.0,3.0,0.0
0,0,0,0,0.0,0.0,0.0,0.0,0.0,0.0,0.0,0.0,3.0,0.0,0.0,14.0,14.0,1.0,1.0,22.0,36.0,0.0714286,0.0927835,9.0,4.0,1.0,13.0,0.0927835,9.0,2.0,3.0,0.0,0.0,1.0,88.0,92.0,2.0,1.0,1.0,0.0,14.0,0.0,13.0,1.0,66.0,56.0,0.0,60.0,3.0,88.0,92.0,2.0,1.0,1.0,0.0,14.0,0.0,13.0,1.0,66.0,56.0,0.0,60.0,3.0,0.0
0,26,0,0,0.0,0.0,0.0,0.0,0.0,0.0,0.0,0.0,3.0,0.0,0.0,14.0,14.0,1.0,1.0,22.0,36.0,0.0714286,0.0927835,9.0,4.0,1.0,13.0,0.0927835,9.0,2.0,3.0,0.0,0.0,1.0,88.0,92.0,2.0,1.0,1.0,0.0,14.0,0.0,13.0,1.0,66.0,56.0,0.0,60.0,3.0,88.0,92.0,2.0,1.0,1.0,0.0,14.0,0.0,13.0,1.0,66.0,56.0,0.0,60.0,3.0,0.0
0,0,0,0,0.0,0.0,0.0,0.0,0.0,0.0,0.0,0.0,3.0,0.0,0.0,3.0,1.0,1.0,0.0,0.0,3.0,0.0,0.0,0.0,0.0,0.0,4.0,0.0,0.0,2.0,3.0,0.0,0.0,1.0,8.0,8.0,1.0,1.0,0.0,0.0,3.0,0.0,3.0,0.0,55.0,0.0,0.0,50.0,2.0,8.0,8.0,1.0,1.0,0.0,0.0,3.0,0.0,3.0,0.0,55.0,0.0,0.0,50.0,2.0,0.0
0,4,0,0,0.0,0.0,0.0,0.0,0.0,0.0,0.0,0.0,1.0,0.0,0.0,8.0,6.0,1.0,0.0,4.0,12.0,0.0,0.0,0.0,0.0,0.0,8.0,0.0,0.0,2.0,4.0,0.0,0.0,2.0,48.0,50.0,6.0,1.0,5.0,0.0,8.0,0.0,7.0,1.0,60.0,21.0,0.0,54.0,3.0,59.0,61.0,6.0,4.0,5.0,0.0,11.0,0.0,10.0,1.0,219.0,23.0,0.0,198.0,9.0,1.0
0,4,0,0,0.0,0.0,0.0,0.0,0.0,0.0,0.0,0.0,1.0,0.0,0.0,8.0,6.0,1.0,0.0,4.0,12.0,0.0,0.0,0.0,0.0,0.0,8.0,0.0,0.0,2.0,4.0,0.0,0.0,2.0,49.0,51.0,6.0,1.0,5.0,0.0,8.0,0.0,7.0,1.0,60.0,22.0,0.0,54.0,3.0,60.0,62.0,6.0,4.0,5.0,0.0,11.0,0.0,10.0,1.0,219.0,24.0,0.0,198.0,9.0,0.0
0,0,0,0,0.0,0.0,0.0,0.0,0.0,0.0,0.0,0.0,1.0,0.0,0.0,8.0,6.0,1.0,0.0,4.0,12.0,0.0,0.0,0.0,0.0,0.0,8.0,0.0,0.0,2.0,4.0,0.0,0.0,2.0,49.0,51.0,6.0,1.0,5.0,0.0,8.0,0.0,7.0,1.0,60.0,22.0,0.0,54.0,3.0,60.0,62.0,6.0,4.0,5.0,0.0,11.0,0.0,10.0,1.0,219.0,24.0,0.0,198.0,9.0,0.0
0,10,0,0,0.0,0.0,0.0,0.0,0.0,0.0,0.0,0.0,1.0,0.0,0.0,8.0,6.0,1.0,0.0,4.0,12.0,0.0,0.0,0.0,0.0,0.0,8.0,0.0,0.0,2.0,4.0,0.0,0.0,2.0,49.0,51.0,6.0,1.0,5.0,0.0,8.0,0.0,7.0,1.0,60.0,22.0,0.0,54.0,3.0,60.0,62.0,6.0,4.0,5.0,0.0,11.0,0.0,10.0,1.0,219.0,24.0,0.0,198.0,9.0,0.0
0,5,0,0,0.0,0.0,0.0,0.0,0.0,0.0,0.0,0.0,1.0,0.0,0.0,8.0,6.0,1.0,0.0,4.0,12.0,0.0,0.0,0.0,0.0,0.0,8.0,0.0,0.0,2.0,4.0,0.0,0.0,2.0,49.0,51.0,6.0,1.0,5.0,0.0,8.0,0.0,7.0,1.0,60.0,22.0,0.0,54.0,3.0,60.0,62.0,6.0,4.0,5.0,0.0,11.0,0.0,10.0,1.0,219.0,24.0,0.0,198.0,9.0,0.0
0,20,0,0,0.0,0.0,0.0,0.0,0.0,0.0,0.0,0.0,1.0,0.0,0.0,8.0,6.0,1.0,0.0,4.0,12.0,0.0,0.0,0.0,0.0,0.0,8.0,0.0,0.0,2.0,4.0,0.0,0.0,2.0,49.0,51.0,6.0,1.0,5.0,0.0,8.0,0.0,7.0,1.0,60.0,22.0,0.0,54.0,3.0,60.0,62.0,6.0,4.0,5.0,0.0,11.0,0.0,10.0,1.0,219.0,24.0,0.0,198.0,9.0,0.0
0,3,0,0,0.0,0.0,0.0,0.0,0.0,0.0,0.0,0.0,1.0,0.0,0.0,8.0,6.0,1.0,0.0,4.0,12.0,0.0,0.0,0.0,0.0,0.0,8.0,0.0,0.0,2.0,4.0,0.0,0.0,2.0,49.0,51.0,6.0,1.0,5.0,0.0,8.0,0.0,7.0,1.0,60.0,22.0,0.0,54.0,3.0,60.0,62.0,6.0,4.0,5.0,0.0,11.0,0.0,10.0,1.0,219.0,24.0,0.0,198.0,9.0,0.0
0,17,0,0,0.0,0.0,0.0,0.0,0.0,0.0,0.0,0.0,1.0,0.0,0.0,8.0,6.0,1.0,0.0,4.0,12.0,0.0,0.0,0.0,0.0,0.0,8.0,0.0,0.0,2.0,4.0,0.0,0.0,2.0,49.0,51.0,6.0,1.0,5.0,0.0,8.0,0.0,7.0,1.0,60.0,22.0,0.0,54.0,3.0,60.0,62.0,6.0,4.0,5.0,0.0,11.0,0.0,10.0,1.0,219.0,24.0,0.0,198.0,9.0,0.0
0,13,0,0,0.0,0.0,0.0,0.0,0.0,0.0,0.0,0.0,1.0,0.0,0.0,8.0,6.0,1.0,0.0,4.0,12.0,0.0,0.0,0.0,0.0,0.0,8.0,0.0,0.0,2.0,4.0,0.0,0.0,2.0,49.0,51.0,6.0,1.0,5.0,0.0,8.0,0.0,7.0,1.0,60.0,22.0,0.0,54.0,3.0,60.0,62.0,6.0,4.0,5.0,0.0,11.0,0.0,10.0,1.0,219.0,24.0,0.0,198.0,9.0,0.0
0,7,0,0,0.0,0.0,0.0,0.0,0.0,0.0,0.0,0.0,1.0,0.0,0.0,8.0,6.0,1.0,0.0,4.0,12.0,0.0,0.0,0.0,0.0,0.0,8.0,0.0,0.0,2.0,4.0,0.0,0.0,2.0,49.0,51.0,6.0,1.0,5.0,0.0,8.0,0.0,7.0,1.0,60.0,22.0,0.0,54.0,3.0,60.0,62.0,6.0,4.0,5.0,0.0,11.0,0.0,10.0,1.0,219.0,24.0,0.0,198.0,9.0,0.0
0,15,2,0,0.0,0.0,0.0,0.0,0.0,0.0,0.0,0.0,1.0,0.0,0.0,8.0,6.0,1.0,0.0,4.0,12.0,0.0,0.0,0.0,0.0,0.0,8.0,0.0,0.0,2.0,4.0,0.0,0.0,2.0,49.0,51.0,6.0,1.0,5.0,0.0,8.0,0.0,7.0,1.0,60.0,22.0,0.0,54.0,3.0,60.0,62.0,6.0,4.0,5.0,0.0,11.0,0.0,10.0,1.0,219.0,24.0,0.0,198.0,9.0,0.0
1,37,5,0,0.0,0.0,0.0,0.0,0.0,0.0,0.0,0.0,1.0,0.0,0.0,8.0,6.0,1.0,0.0,4.0,12.0,0.0,0.0,0.0,0.0,0.0,8.0,0.0,0.0,2.0,4.0,0.0,0.0,2.0,49.0,51.0,6.0,1.0,5.0,0.0,8.0,0.0,7.0,1.0,60.0,22.0,0.0,54.0,3.0,60.0,62.0,6.0,4.0,5.0,0.0,11.0,0.0,10.0,1.0,219.0,24.0,0.0,198.0,9.0,0.0
0,54,0,0,0.0,0.0,0.0,0.0,0.0,0.0,0.0,0.0,1.0,0.0,0.0,8.0,6.0,1.0,0.0,4.0,12.0,0.0,0.0,0.0,0.0,0.0,8.0,0.0,0.0,2.0,4.0,0.0,0.0,2.0,49.0,51.0,6.0,1.0,5.0,0.0,8.0,0.0,7.0,1.0,60.0,22.0,0.0,54.0,3.0,60.0,62.0,6.0,4.0,5.0,0.0,11.0,0.0,10.0,1.0,219.0,24.0,0.0,198.0,9.0,0.0
0,6,0,0,0.0,0.0,0.0,0.0,0.0,0.0,0.0,0.0,1.0,0.0,0.0,8.0,6.0,1.0,0.0,4.0,12.0,0.0,0.0,0.0,0.0,0.0,8.0,0.0,0.0,2.0,4.0,0.0,0.0,2.0,49.0,51.0,6.0,1.0,5.0,0.0,8.0,0.0,7.0,1.0,60.0,22.0,0.0,54.0,3.0,60.0,62.0,6.0,4.0,5.0,0.0,11.0,0.0,10.0,1.0,219.0,24.0,0.0,198.0,9.0,0.0
3,18,0,0,0.0,0.0,0.0,0.0,0.0,0.0,0.0,0.0,1.0,0.0,0.0,8.0,6.0,1.0,0.0,4.0,12.0,0.0,0.0,0.0,0.0,0.0,8.0,0.0,0.0,2.0,4.0,0.0,0.0,2.0,49.0,51.0,6.0,1.0,5.0,0.0,8.0,0.0,7.0,1.0,60.0,22.0,0.0,54.0,3.0,60.0,62.0,6.0,4.0,5.0,0.0,11.0,0.0,10.0,1.0,219.0,24.0,0.0,198.0,9.0,0.0
0,1,0,1,0.0,0.0,0.0,0.0,0.0,0.0,0.0,0.0,1.0,0.0,0.0,8.0,6.0,1.0,0.0,4.0,12.0,0.0,0.0,0.0,0.0,0.0,8.0,0.0,0.0,2.0,4.0,0.0,0.0,2.0,49.0,51.0,6.0,1.0,5.0,0.0,8.0,0.0,7.0,1.0,60.0,22.0,0.0,54.0,3.0,60.0,62.0,6.0,4.0,5.0,0.0,11.0,0.0,10.0,1.0,219.0,24.0,0.0,198.0,9.0,0.0
0,3,0,0,0.0,0.0,0.0,0.0,0.0,0.0,0.0,0.0,1.0,0.0,0.0,1.0,1.0,0.0,0.0,0.0,1.0,0.5,0.8,24.0,11.0,1.0,1.0,0.8,24.0,0.0,0.0,0.0,0.0,0.0,6.0,30.0,0.0,0.0,0.0,0.0,1.0,0.0,1.0,0.0,1.0,1.0,0.0,1.0,0.0,6.0,30.0,0.0,0.0,0.0,0.0,1.0,0.0,1.0,0.0,1.0,1.0,0.0,1.0,0.0,0.0
